,Daily average,weekly average,monthly average,long term average,short term average
2019-02-13,,,,,
2019-02-14,0.0,,,,
2019-02-15,0.0,,,,
2019-02-16,0.8221,,,,
2019-02-17,0.8221,,,,
2019-02-18,0.4932,,,,
2019-02-19,-0.5192,,,,
2019-02-20,0.0,1.5489750000000002,,,1.5489750000000002
2019-02-21,0.1909,1.1791500000000001,,,1.1791500000000001
2019-02-22,-0.8957,0.3388000000000001,,,0.3388000000000001
2019-02-23,0.4846,-0.1208,,,-0.1208
2019-02-24,0.4846,-0.2537250000000001,,,-0.2537250000000001
2019-02-25,0.0621875,-0.261028125,,,-0.261028125
2019-02-26,0.0,0.30281874999999997,,,0.30281874999999997
2019-02-27,-0.2411,0.43429062499999993,,,0.43429062499999993
2019-02-28,-0.0772,0.3041625,,,0.3041625
2019-03-01,0.0,0.19066562499999998,,,0.19066562499999998
2019-03-02,0.4202,-0.04170625000000003,,,-0.04170625000000003
2019-03-03,-0.4246333333333333,-0.13853645833333336,,,-0.13853645833333336
2019-03-04,0.20626666666666668,-0.02404999999999994,,,-0.02404999999999994
2019-03-05,0.1366,0.14013333333333342,,,0.14013333333333342
2019-03-06,0.2549166666666667,0.15794583333333342,,,0.15794583333333342
2019-03-07,0.0,0.3278000000000001,,,0.3278000000000001
2019-03-08,-0.2411,0.3149458333333333,,,0.3149458333333333
2019-03-09,0.011450000000000009,0.23665416666666667,,,0.23665416666666667
2019-03-10,-0.10115,0.11066666666666668,,,0.11066666666666668
2019-03-11,-0.10115,-0.14676666666666663,,,-0.14676666666666663
2019-03-12,-0.1358,-0.26603333333333334,,,-0.26603333333333334
2019-03-13,0.44094999999999995,-0.2466375,,,-0.2466375
2019-03-14,-0.11624999999999999,-0.14200000000000002,,,-0.14200000000000002
2019-03-15,0.3797857142857143,0.10815892857142852,,,0.10815892857142852
2019-03-16,-0.1027,0.3402678571428571,,,0.3402678571428571
2019-03-17,0.0,0.3547642857142857,,,0.3547642857142857
2019-03-18,-0.06193333333333332,0.3866148809523809,,,0.3866148809523809
2019-03-19,0.44416666666666665,0.31432678571428574,,,0.31432678571428574
2019-03-20,0.20095,0.3096761904761905,,,0.3096761904761905
2019-03-21,0.09106666666666667,0.4380297619047619,,,0.4380297619047619
2019-03-22,-0.5710000000000001,0.4255374999999999,,,0.4255374999999999
2019-03-23,-0.5710000000000001,0.14315833333333336,,,0.14315833333333336
2019-03-24,0.8812,-0.04507083333333334,,,-0.04507083333333334
2019-03-25,-0.983,-0.5245833333333334,0.7365607291666667,,-0.5245833333333334
2019-03-26,-0.36167499999999997,-0.8244979166666666,0.6024970982142857,,-0.8244979166666666
2019-03-27,0.23412857142857146,-0.6693386904761904,0.4524989732142858,,-0.6693386904761904
2019-03-28,0.0,-0.9045419642857143,0.3409615625,,-0.9045419642857143
2019-03-29,-0.3182,-0.7050285714285713,0.2740566517857142,,-0.7050285714285713
2019-03-30,0.0,-0.46742767857142853,0.23656424107142845,,-0.46742767857142853
2019-03-31,0.0,-0.4896410714285714,0.20853683035714274,,-0.4896410714285714
2019-04-01,0.0,-0.29155446428571424,0.17937691964285718,,-0.29155446428571424
2019-04-02,-0.4215,-0.2854928571428571,0.12919450892857143,,-0.2854928571428571
2019-04-03,0.29295,-0.2966125,0.04194334821428561,,-0.2966125
2019-04-04,-0.47995,-0.3691875,-0.0734370982142859,,-0.3691875
2019-04-05,0.42493333333333333,-0.33552916666666666,-0.17981724702380963,,-0.33552916666666666
2019-04-06,0.6582666666666667,-0.006104166666666633,-0.2403127083333333,,-0.006104166666666633
2019-04-07,-0.4315,0.06897083333333331,-0.2904876488095241,,0.06897083333333331
2019-04-08,0.74075,0.5692083333333333,-0.3580705059523811,,0.5692083333333333
2019-04-09,0.28085,0.9271916666666666,-0.4403266964285716,,0.9271916666666666
2019-04-10,0.0,0.8506666666666667,-0.5320924702380949,,0.8506666666666667
2019-04-11,0.6486,1.2252791666666667,-0.5731415773809525,,1.2252791666666667
2019-04-12,0.0639,1.1255041666666667,-0.5393890178571429,,1.1255041666666667
2019-04-13,0.0,0.9915375,-0.5250081249999998,,0.9915375
2019-04-14,-0.131025,0.9893812499999999,-0.5002411904761901,,0.9893812499999999
2019-04-15,-0.1613,0.5147249999999999,-0.4057607142857143,,0.5147249999999999
2019-04-16,0.1832875,0.23912812499999997,-0.29798031250000023,,0.23912812499999997
2019-04-17,0.24314000000000002,0.09452875,-0.19727315178571425,,0.09452875
2019-04-18,0.04527,0.026759374999999995,-0.07918699107142829,,0.026759374999999995
2019-04-19,-0.10088749999999999,0.176568125,0.051176232142857186,,0.176568125
2019-04-20,0.23861428571428572,0.3103616964285714,0.17992512499999982,,0.3103616964285714
2019-04-21,0.4588,0.43728526785714283,0.32018562500000025,,0.43728526785714283
2019-04-22,0.0006999999999999898,0.5089925892857143,0.5006373749999999,,0.5089925892857143
2019-04-23,0.04046666666666666,0.6009353273809523,0.6966632916666666,,0.6009353273809523
2019-04-24,0.12769,0.6513152976190476,0.9128315178571427,,0.6513152976190476
2019-04-25,-0.063975,0.5170865178571428,1.1402705952380947,,0.5170865178571428
2019-04-26,-0.1276142857142857,0.36192166666666664,1.3061924404761907,,0.36192166666666664
2019-04-27,0.028522222222222213,0.16843216269841263,1.4567503174603174,,0.16843216269841263
2019-04-28,0.23171250000000002,0.028679355158730158,1.6079073958333334,,0.028679355158730158
2019-04-29,0.09273333333333333,0.05879738095238095,1.7322235367063492,,0.05879738095238095
2019-04-30,0.2927,0.22607254960317458,1.8594334275793651,,0.22607254960317458
2019-05-01,0.04808888888888888,0.401225496031746,1.9507347073412695,,0.401225496031746
2019-05-02,0.12903333333333333,0.5247030257936508,1.98228904265873,,0.5247030257936508
2019-05-03,0.22794999999999999,0.6428076388888889,2.027327961309524,,0.6428076388888889
2019-05-04,0.19153333333333333,0.6305420138888889,2.086860213293651,,0.6305420138888889
2019-05-05,0.21386,0.6548275,2.1375266736111116,,0.6548275
2019-05-06,-0.2359625,0.6135338194444445,2.1833525357142856,,0.6135338194444445
2019-05-07,0.4833,0.6022734722222223,2.219893674603174,,0.6022734722222223
2019-05-08,0.1689,0.6106464583333333,2.2503643134920637,,0.6106464583333333
2019-05-09,0.3234166666666667,0.6049658333333334,2.2879687440476197,,0.6049658333333334
2019-05-10,-0.044860000000000004,0.7383097916666667,2.3256507519841265,,0.7383097916666667
2019-05-11,0.2638285714285714,0.7529483928571429,2.333936259920635,,0.7529483928571429
2019-05-12,-0.31406666666666666,0.6525036607142857,2.3074533154761907,,0.6525036607142857
2019-05-13,0.18471666666666667,0.4899947619047619,2.272464537698413,,0.4899947619047619
2019-05-14,0.017275,0.2952439880952381,2.2294427182539684,1.7566431327160488,0.2952439880952381
2019-05-15,0.16166666666666665,0.1298205952380952,2.1863332738095234,1.8383187896825395,0.1298205952380952
2019-05-16,0.09490000000000001,0.1873805357142857,2.1862974603174603,1.92284518738977,0.1873805357142857
2019-05-17,0.10132,0.2587663095238095,2.2017909166666665,2.028052918430335,0.2587663095238095
2019-05-18,0.32412857142857143,0.3913317261904762,2.2226401011904753,2.159113411375661,0.3913317261904762
2019-05-19,-0.3584,0.41942095238095234,2.251950208333333,2.3085631106701947,0.41942095238095234
2019-05-20,0.27635,0.3906310119047618,2.266958648809524,2.4580348470017634,0.3906310119047618
2019-05-21,0.09571428571428572,0.3812888095238095,2.2904442519841273,2.581800630952382,0.3812888095238095
2019-05-22,-0.07362727272727274,0.19579425324675323,2.323438419372294,2.7028936780102613,0.19579425324675323
2019-05-23,-0.29986250000000003,0.15495073863636363,2.3308436757756144,2.8051335053711726,0.15495073863636363
2019-05-24,0.29085,0.07236972402597401,2.313773828012266,2.8800031938431947,0.07236972402597401
2019-05-25,0.024339999999999994,-0.026653433441558495,2.277005938582251,2.9629027712041056,-0.026653433441558495
2019-05-26,0.6880666666666667,0.16418585497835492,2.259703028318903,3.045380061527978,0.16418585497835492
2019-05-27,0.2695142857142857,0.48273496482683975,2.2646334543650797,3.123354779100529,0.48273496482683975
2019-05-28,-0.113875,0.6964778246753245,2.248055112554113,3.1989599331810163,0.6964778246753245
2019-05-29,0.30835,0.999066755952381,2.2103323749098127,3.2761009205948377,0.999066755952381
2019-05-30,-0.19708333333333333,0.8899447023809524,2.1649066402417017,3.3601165376382878,0.8899447023809524
2019-05-31,0.23535555555555557,0.6299387698412698,2.1269246397005777,3.4487376793730964,0.6299387698412698
2019-06-01,0.05937499999999998,0.5144265873015873,2.110310307810245,3.531108179132595,0.5144265873015873
2019-06-02,0.12046,0.28093940476190477,2.10568851758658,3.6066414381513563,0.28093940476190477
2019-06-03,-0.03346249999999999,0.3096449305555556,2.097345998196248,3.6881869101330778,0.3096449305555556
2019-06-04,-0.041916666666666665,0.2775720833333334,2.0797647913059154,3.770184425765593,0.2775720833333334
2019-06-05,-0.0619375,0.17185861111111111,2.0419691647727274,3.8383623183822344,0.17185861111111111
2019-06-06,0.2505,0.14562763888888886,1.9965992991522363,3.8957453498877666,0.14562763888888886
2019-06-07,0.5583,0.22643208333333334,1.956682873015873,3.958648566578483,0.22643208333333334
2019-06-08,0.03811666666666666,0.39656291666666665,1.9415015808080809,4.023445153639569,0.39656291666666665
2019-06-09,0.6369,0.77173125,1.9569340386002883,4.092078259219175,0.77173125
2019-06-10,0.3976,1.1511645833333333,1.9881455043290044,4.173830571147987,1.1511645833333333
2019-06-11,-0.2801,1.1730572916666668,2.025618174963925,4.2624810400432915,1.1730572916666668
2019-06-12,-0.20271666666666666,1.1147333333333334,2.0786195009018757,4.3435916632595815,1.1147333333333334
2019-06-13,0.18418,0.7685200000000001,2.1420951185064934,4.420214590708676,0.7685200000000001
2019-06-14,-0.26605,0.21961916666666673,2.1978993194444434,4.4904413964646475,0.21961916666666673
2019-06-15,0.0,-0.04965666666666663,2.210879374549062,4.548997893578644,-0.04965666666666663
2019-06-16,0.2211,-0.15277000000000002,2.1876913195346317,4.6053868598284415,-0.15277000000000002
2019-06-17,0.14049999999999999,-0.15362333333333336,2.182066300234488,4.662107677930094,-0.15362333333333336
2019-06-18,0.5127333333333334,0.20613166666666666,2.1953562809343428,4.723932755291005,0.20613166666666666
2019-06-19,0.11761666666666667,0.5252658333333333,2.2258055949675324,4.786997610429695,0.5252658333333333
2019-06-20,-0.12655,0.6515333333333334,2.2595921788419915,4.845121780383196,0.6515333333333334
2019-06-21,0.75345,0.9419583333333335,2.2930587825577198,4.89202622811448,0.9419583333333335
2019-06-22,-0.4696,0.7921041666666668,2.321396136273449,4.931037898067981,0.7921041666666668
2019-06-23,-0.33215,0.5004041666666668,2.330389656655844,4.949069753206667,0.5004041666666668
2019-06-24,-0.34,0.2422541666666666,2.3308219270382393,4.938502293530543,0.2422541666666666
2019-06-25,0.265875,-0.2910270833333334,2.3410079474206342,4.920828071949654,-0.2910270833333334
2019-06-26,-0.0046750000000000125,-0.46249375000000004,2.3532013428030307,4.90977390327882,-0.46249375000000004
2019-06-27,0.0,-0.43848125000000004,2.3354740774711407,4.89800667905243,-0.43848125000000004
2019-06-28,0.074,-0.25760625000000004,2.2889191930916306,4.879037417789002,-0.25760625000000004
2019-06-29,0.17994,0.023678749999999936,2.212910725378788,4.858913230599647,0.023678749999999936
2019-06-30,0.2381,0.24942624999999996,2.104929864808802,4.837732450817702,0.24942624999999996
2019-07-01,-0.07682499999999999,0.37293,1.9956580545634928,4.809299837702421,0.37293
2019-07-02,-0.4274,0.26758374999999995,1.8885842083333337,4.764381978555397,0.26758374999999995
2019-07-03,0.06308333333333334,0.15450708333333335,1.7731039662698418,4.714099965969214,0.15450708333333335
2019-07-04,-0.025733333333333334,-0.08522166666666665,1.6705307242063492,4.665444990420072,-0.08522166666666665
2019-07-05,0.22223333333333334,-0.2309795833333334,1.6039826488095237,4.622740808521725,-0.2309795833333334
2019-07-06,0.6696,0.02286249999999998,1.5726149305555561,4.5919746930014425,0.02286249999999998
2019-07-07,0.431,0.3978979166666667,1.5545731944444445,4.585173350208432,0.3978979166666667
2019-07-08,0.0,0.845325,1.5195066666666663,4.594712285193203,0.845325
2019-07-09,-0.9761,0.9184041666666667,1.4313018055555555,4.589521997955749,0.9184041666666667
2019-07-10,-0.3278142857142857,0.4678797619047619,1.311902559523809,4.561219181617762,0.4678797619047619
2019-07-11,0.07975,-0.1624363095238096,1.162324970238095,4.516797185385602,-0.1624363095238096
2019-07-12,-0.09018,-0.8217307142857143,1.0027900059523809,4.469510649470899,-0.8217307142857143
2019-07-13,-0.09018,-0.9599617857142857,0.8810084791666666,4.414442613556198,-0.9599617857142857
2019-07-14,0.11333333333333334,-0.738552380952381,0.7915288065476188,4.353911188752603,-0.738552380952381
2019-07-15,0.0,-0.4492679761904762,0.705992363095238,4.294032834936669,-0.4492679761904762
2019-07-16,0.010699999999999987,-0.11221857142857145,0.612377482142857,4.232461885441721,-0.11221857142857145
2019-07-17,0.07559,0.04479333333333334,0.5413736011904763,4.171057935946769,0.04479333333333334
2019-07-18,0.13491666666666666,0.09691416666666666,0.48684280357142856,4.109441699414783,0.09691416666666666
2019-07-19,0.23772000000000001,0.2284025,0.4458063392857141,4.055171260501843,0.2284025
2019-07-20,0.8519,0.5449708333333333,0.43697087499999976,4.023064628467212,0.5449708333333333
2019-07-21,0.8519,1.0141741666666666,0.46560416071428573,4.010804385321469,1.0141741666666666
2019-07-22,0.15595,1.48324,0.5325745297619043,3.9922265495831324,1.48324
2019-07-23,0.1427857142857143,1.8691422619047617,0.6247657083333331,3.965582703262787,1.8691422619047617
2019-07-24,0.18553999999999998,1.8781545238095236,0.7212507797619047,3.928294494508579,1.8781545238095236
2019-07-25,0.18553999999999998,1.5264992857142856,0.8105366011904761,3.870011738135321,1.5264992857142856
2019-07-26,0.135575,1.1644919642857143,0.8687861309523809,3.811584792167711,1.1644919642857143
2019-07-27,0.05941249999999999,0.8053749107142856,0.8859203482142858,3.768945130150714,0.8053749107142856
2019-07-28,-0.30086666666666667,0.4912461904761905,0.8917990446428571,3.7276395236892728,0.4912461904761905
2019-07-29,0.0,0.2973224702380952,0.9547198244047618,3.689092880190797,0.2973224702380952
2019-07-30,0.11606666666666669,0.10361541666666661,1.0855146517857144,3.661534631754049,0.10361541666666661
2019-07-31,0.03284444444444444,-0.07589034722222221,1.248107971230159,3.6326856425765595,-0.07589034722222221
2019-08-01,-0.15861666666666668,-0.09823194444444447,1.4151747351190476,3.5983701101891925,-0.09823194444444447
2019-08-02,-0.2009625,-0.12442916666666666,1.56222626984127,3.5502038833573826,-0.12442916666666666
2019-08-03,-0.2009625,-0.22500659722222222,1.6812682628968254,3.488068415784832,-0.22500659722222222
2019-08-04,0.6384,-0.16755312500000005,1.8037264017857149,3.4307463000641336,-0.16755312500000005
2019-08-05,0.30512,-0.029727986111111118,1.9557675406746033,3.3727248232323226,-0.029727986111111118
2019-08-06,-0.2553,0.14475340277777782,2.1046228045634927,3.3161957908449584,0.14475340277777782
2019-08-07,0.84075,0.6589202083333332,2.2594389851190484,3.2894586103094436,0.6589202083333332
2019-08-08,-0.33740000000000003,0.777748125,2.41455558234127,3.286345948292448,0.777748125
2019-08-09,0.21075,0.757049375,2.522475929563493,3.2859062704024375,0.757049375
2019-08-10,-0.1779,0.769285,2.5500594017857146,3.2794689470097813,0.769285
2019-08-11,0.17334,0.35424,2.514530749007936,3.271647623617123,0.35424
2019-08-12,0.22643333333333335,0.32410333333333324,2.4649517271825387,3.2688681335577994,0.32410333333333324
2019-08-13,0.46095,0.3801091666666666,2.41707475297619,3.2700713657207006,0.3801091666666666
2019-08-14,0.10439999999999999,0.48734,2.3696900287698415,3.2711172275132268,0.48734
2019-08-15,-0.4201,0.6130633333333334,2.3206528878968253,3.2672516448613114,0.6130633333333334
2019-08-16,-0.4201,0.43619500000000017,2.2683763720238095,3.269982713003046,0.43619500000000017
2019-08-17,0.545,0.2177891666666668,2.2420700644841274,3.2818166911976916,0.2177891666666668
2019-08-18,0.545,0.0389583333333334,2.2336545902777774,3.3040201138367804,0.0389583333333334
2019-08-19,0.0,0.11351250000000007,2.2004629255952386,3.332046472983806,0.11351250000000007
2019-08-20,0.07387500000000001,0.4731937500000001,2.155470973214285,3.3413205582010583,0.4731937500000001
2019-08-21,0.3400333333333333,0.7606208333333334,2.1268545902777776,3.3265859607583765,0.7606208333333334
2019-08-22,0.4704,0.9192479166666668,2.1319689990079365,3.3111782614638443,0.9192479166666668
2019-08-23,-0.29295,0.8996125,2.162194741071429,3.322935451058202,0.8996125
2019-08-24,-0.35679999999999995,0.6488145833333333,2.1571381914682544,3.364364698853616,0.6488145833333333
2019-08-25,0.4777666666666667,0.48369166666666663,2.1081973085317465,3.423290348765432,0.48369166666666663
2019-08-26,0.44515000000000005,0.33090625000000007,2.0819955922619053,3.4944317314814817,0.33090625000000007
2019-08-27,0.43653333333333333,0.4337291666666667,2.0538261259920634,3.5815384290123444,0.4337291666666667
2019-08-28,0.27808,0.8029408333333334,2.027670409722223,3.6773070524691356,0.8029408333333334
2019-08-29,0.27808,1.0877975000000002,2.0489916934523813,3.777161959876542,1.0877975000000002
2019-08-30,0.1245,1.298804166666667,2.12132997718254,3.884526984567901,1.298804166666667
2019-08-31,0.1245,1.2494316666666667,2.2253175109126984,3.9947392870370373,1.2494316666666667
2019-09-01,0.21994999999999998,1.0268066666666666,2.3253960208333337,4.105067524691357,1.0268066666666666
2019-09-02,0.0,0.7845833333333332,2.4048122569444446,4.2087212901234565,0.7845833333333332
2019-09-03,0.0,0.5913975,2.4652379930555557,4.287007342592594,0.5913975
2019-09-04,-0.26639999999999997,0.37849499999999997,2.5428166041666667,4.326566311728396,0.37849499999999997
2019-09-05,-0.0258,0.11868750000000002,2.659974902777778,4.349468614197531,0.11868750000000002
2019-09-06,0.4645,0.04452500000000004,2.7758193472222215,4.37723364153439,0.04452500000000004
2019-09-07,0.5959333333333333,0.15047083333333336,2.8561529583333343,4.4169853196649,0.15047083333333336
2019-09-08,0.77514,0.6145266666666667,2.9464150694444444,4.475219368165786,0.6145266666666667
2019-09-09,0.11333333333333334,1.1748033333333334,3.0589180416666673,4.537495009259257,1.1748033333333334
2019-09-10,0.29596666666666666,1.5768216666666666,3.1578137916666664,4.594620742945325,1.5768216666666666
2019-09-11,-0.015766666666666634,1.6769316666666667,3.214203395833333,4.660019495149911,1.6769316666666667
2019-09-12,-0.125,1.291621666666667,3.248153208333332,4.729630432539682,1.291621666666667
2019-09-13,-0.25895,0.7784574999999999,3.315927708333333,4.789439888447972,0.7784574999999999
2019-09-14,0.131675,0.26635375,3.3980599999999996,4.846982708553791,0.26635375
2019-09-15,0.131675,-0.05596458333333332,3.4418757083333333,4.914264355820106,-0.05596458333333332
2019-09-16,-0.3004,-0.1970979166666667,3.452025375,4.9949200771604945,-0.1970979166666667
2019-09-17,-0.3004,-0.2555229166666667,3.424008125,5.084835798500882,-0.2555229166666667
2019-09-18,-0.3004,-0.38089375000000003,3.349996625,5.158255871693123,-0.38089375000000003
2019-09-19,0.0,-0.57604375,3.249167375,5.214336611552027,-0.57604375
2019-09-20,0.30870000000000003,-0.57506875,3.143491625000001,5.275894129188712,-0.57506875
2019-09-21,-0.1076,-0.5155312500000001,3.035615208333334,5.317767757936511,-0.5155312500000001
2019-09-22,-0.4019,-0.37334999999999996,2.921188375,5.335326386684303,-0.37334999999999996
2019-09-23,-0.03423333333333333,-0.2068083333333333,2.8099919583333333,5.350029922839506,-0.2068083333333333
2019-09-24,0.64445,-0.10860416666666661,2.719478458333333,5.373685866402117,-0.10860416666666661
2019-09-25,0.0,-0.03169999999999995,2.6386812083333333,5.404551754409172,-0.03169999999999995
2019-09-26,0.26839999999999997,0.2381541666666666,2.5457814583333325,5.430338235008819,0.2381541666666666
2019-09-27,0.1594,0.564975,2.4378050416666674,5.448424419312171,0.564975
2019-09-28,0.1594,0.6865958333333333,2.2828699583333334,5.462134381393299,0.6865958333333333
2019-09-29,0.1594,0.8211666666666666,2.0933280833333336,5.488194065696651,0.8211666666666666
2019-09-30,0.0,0.7210625,1.8976539166666668,5.529093472222223,0.7210625
2019-10-01,0.32752,0.6145799999999999,1.716418583333334,5.566808471340388,0.6145799999999999
2019-10-02,-0.19955,0.5396225,1.5498570833333332,5.582138137125218,0.5396225
2019-10-03,0.296,0.45896499999999996,1.3886605833333336,5.588611691798941,0.45896499999999996
2019-10-04,0.296,0.5194074999999999,1.2516520000000002,5.609930616843032,0.5194074999999999
2019-10-05,-0.01015000000000002,0.4534024999999999,1.1316950833333335,5.637456578924163,0.4534024999999999
2019-10-06,0.42525,0.6333349999999999,1.0525939999999998,5.65637402248677,0.6333349999999999
2019-10-07,0.9253,0.9364425000000001,1.0551620000000004,5.675508688271605,0.9364425000000001
2019-10-08,0.0,1.0915499999999998,1.1248064999999998,5.704875417548502,1.0915499999999998
2019-10-09,-0.4019,1.2331375,1.209488,5.7243321732804215,1.2331375
2019-10-10,0.27782,1.1816675,1.2818574999999996,5.721785114197532,1.1816675
2019-10-11,0.3788,0.8362474999999999,1.36919875,5.704936869929452,0.8362474999999999
2019-10-12,0.3788,0.6595275,1.5064537500000001,5.680883366402117,0.6595275
2019-10-13,0.3788,0.77592,1.6844554166666668,5.6541477888007075,0.77592
2019-10-14,-0.68585,0.6882525000000002,1.81761,5.6151732111992985,0.6882525000000002
2019-10-15,-0.2538333333333333,0.5790516666666669,1.8877449999999998,5.5611831521164055,0.5790516666666669
2019-10-16,-0.2538333333333333,0.2169925000000001,1.9427358333333333,5.496236870811292,0.2169925000000001
2019-10-17,0.44195,-0.32445416666666654,2.0075504166666667,5.432633404320988,-0.32445416666666654
2019-10-18,0.048874999999999995,-0.44130208333333326,2.1029724583333333,5.386590437830687,-0.44130208333333326
2019-10-19,0.048874999999999995,-0.32431458333333324,2.2071100833333337,5.366484693562606,-0.32431458333333324
2019-10-20,0.048874999999999995,0.026508333333333398,2.315953958333334,5.365156727072309,0.026508333333333398
2019-10-21,-0.2584,0.18645625000000005,2.410188708333333,5.35507110185185,0.18645625000000005
2019-10-22,0.43025,0.25806666666666667,2.4988020416666665,5.326977799382718,0.25806666666666667
2019-10-23,0.0,0.24178124999999998,2.583750375,5.277319867283949,0.24178124999999998
2019-10-24,0.0,0.1376,2.6359168333333343,5.211486027777778,0.1376
2019-10-25,0.71865,0.45276875,2.6983407916666677,5.146708160493828,0.45276875
2019-10-26,0.71865,0.7446937499999999,2.771724125,5.088990802469136,0.7446937499999999
2019-10-27,0.71865,1.2285,2.7984924583333344,5.04702862962963,1.2285
2019-10-28,0.0,1.7245249999999999,2.781942041666667,5.022873308641977,1.7245249999999999
2019-10-29,0.32716,1.878415,2.786155625,5.006836000000001,1.878415
2019-10-30,-0.025733333333333334,1.7741091666666668,2.8118263750000008,4.986898185185183,1.7741091666666668
2019-10-31,-0.45853333333333335,1.195845,2.7975869583333335,4.96133375,1.195845
2019-11-01,0.08475,0.6387683333333333,2.7233854583333343,4.940501444444445,0.6387683333333333
2019-11-02,-0.09664,0.07361416666666672,2.6001033750000007,4.937748555555554,0.07361416666666672
2019-11-03,0.21989999999999998,-0.24403583333333334,2.510510708333334,4.953524333333332,-0.24403583333333334
2019-11-04,-0.007750000000000004,-0.15469416666666666,2.489317208333333,4.965350888888889,-0.15469416666666666
2019-11-05,0.2536,-0.04432750000000002,2.5063632916666663,4.981945222222221,-0.04432750000000002
2019-11-06,0.25739,0.2604966666666666,2.5374732916666667,5.021132222222224,0.2604966666666666
2019-11-07,-0.20245,0.398325,2.553385541666666,5.069214296296297,0.398325
2019-11-08,-0.10305,0.39963249999999995,2.5647427916666667,5.100706555555556,0.39963249999999995
2019-11-09,-0.022199999999999998,0.2897775,2.572066291666667,5.116435370370373,0.2897775
2019-11-10,0.14796666666666666,0.06405916666666667,2.601198208333333,5.132039074074072,0.06405916666666667
2019-11-11,0.2627833333333333,0.06023666666666669,2.6352056249999993,5.150337592592593,0.06023666666666669
2019-11-12,0.3612,0.19630166666666665,2.6657113749999994,5.17476648148148,0.19630166666666665
2019-11-13,-0.8499,0.19439166666666666,2.698799625,5.183173148148149,0.19439166666666666
2019-11-14,0.8436,0.39374583333333335,2.7029441250000006,5.178632037037037,0.39374583333333335
2019-11-15,0.29433333333333334,0.4846791666666667,2.6740494583333336,5.180844185185187,0.4846791666666667
2019-11-16,0.3300666666666667,0.45176666666666676,2.622663541666667,5.199261444444444,0.45176666666666676
2019-11-17,0.9382,1.0728041666666668,2.5901842916666666,5.235682777777778,1.0728041666666668
2019-11-18,-0.031799999999999995,1.3010833333333336,2.553959541666667,5.269840500000002,1.3010833333333336
2019-11-19,0.031599999999999996,1.4557916666666668,2.4995564583333336,5.3022427592592605,1.4557916666666668
2019-11-20,0.24248333333333336,1.5963875000000003,2.492634291666666,5.337470759259261,1.5963875000000003
2019-11-21,-0.2002,1.0053583333333336,2.5243983749999996,5.345128018518519,1.0053583333333336
2019-11-22,-0.19555,0.5922416666666667,2.565803208333333,5.320606388888888,0.5922416666666667
2019-11-23,0.7673,0.4287333333333333,2.607662541666667,5.312712722222222,0.4287333333333333
2019-11-24,0.9301,0.459025,2.6578572916666663,5.336691018518517,0.459025
2019-11-25,0.5700999999999999,0.9664916666666667,2.720572875,5.372543129629632,0.9664916666666667
2019-11-26,0.5106,1.6914333333333333,2.789459375,5.411507611111108,1.6914333333333333
2019-11-27,-0.0572375,2.026315625,2.8792035625000008,5.444853453703704,2.026315625
2019-11-28,-0.5423,1.8211937500000004,2.9716780625,5.482834212962963,1.8211937500000004
2019-11-29,0.17859999999999995,1.3256218750000002,3.0637663125000008,5.540422379629631,1.3256218750000002
2019-11-30,0.664,0.6918624999999999,3.165393104166666,5.622481472222221,0.6918624999999999
2019-12-01,0.625,0.43479687499999997,3.2830036458333343,5.717126305555556,0.43479687499999997
2019-12-02,-0.08607142857142858,0.6598883928571428,3.3936444851190477,5.806852011904764,0.6598883928571428
2019-12-03,0.28902,1.0104599107142858,3.533794038690477,5.89370048015873,1.0104599107142858
2019-12-04,0.08131666666666666,1.1770105952380951,3.701483258928571,5.979244911375663,1.1770105952380951
2019-12-05,-0.288775,0.9445581547619046,3.843021854166667,6.072014805555557,0.9445581547619046
2019-12-06,0.33474444444444446,0.7032525396825396,3.9904221855158726,6.173259175044092,0.7032525396825396
2019-12-07,0.33474444444444446,0.4457730357142857,4.109112655753968,6.287615347001765,0.4457730357142857
2019-12-08,0.33474444444444446,0.3973213095238095,4.2073993482142855,6.419282210317461,0.3973213095238095
2019-12-09,0.2202,0.7045570833333334,4.3271053184523804,6.545692900793652,0.7045570833333334
2019-12-10,0.0029800000000000048,0.8236477777777778,4.426579955357144,6.645756702380955,0.8236477777777778
2019-12-11,-0.017625000000000002,0.843215,4.5142297172619035,6.712153707671959,0.843215
2019-12-12,0.6341,0.8742641666666667,4.636781604166667,6.7651643240740755,0.8742641666666667
2019-12-13,0.08175999999999999,0.7434595833333333,4.751723991071429,6.817444551587303,0.7434595833333333
2019-12-14,0.0,0.6948511111111111,4.789144127976191,6.866860964285713,0.6948511111111111
2019-12-15,0.6005,0.88886625,4.772713014880954,6.931836358465609,0.88886625
2019-12-16,0.43685,0.95873,4.7409554017857145,7.009968604497356,0.95873
2019-12-17,0.15596666666666667,1.0817554166666667,4.702723580357143,7.08827636904762,1.0817554166666667
2019-12-18,0.71172,1.3834558333333333,4.708523300595238,7.170148207671958,1.3834558333333333
2019-12-19,-0.06949999999999999,1.3631250000000001,4.745432270833333,7.25787137962963,1.3631250000000001
2019-12-20,0.7014,1.4582441666666668,4.759152907738096,7.349386773809527,1.4582441666666668
2019-12-21,0.8733,1.7141450000000003,4.7580597946428576,7.441382390211641,1.7141450000000003
2019-12-22,0.0,1.6141858333333332,4.767452336309525,7.5370145251322755,1.6141858333333332
2019-12-23,0.037474999999999994,1.7084704166666664,4.755416824404761,7.6466321230158725,1.7084704166666664
2019-12-24,-0.10334,1.5354325,4.723060354166668,7.765461776455027,1.5354325
2019-12-25,-0.2215,0.90936125,4.721404133928572,7.880869503968252,0.90936125
2019-12-26,-0.19292857142857142,0.41298785714285713,4.722698727182538,7.987298025132276,0.41298785714285713
2019-12-27,-0.01889999999999999,-0.1242230357142857,4.716929828373017,8.081048821428576,-0.1242230357142857
2019-12-28,0.4019,-0.3339389285714286,4.709921485119048,8.193457395502648,-0.3339389285714286
2019-12-29,0.0,-0.21457982142857138,4.685208419642858,8.312242636243386,-0.21457982142857138
2019-12-30,-0.1802,-0.043806428571428545,4.651683437499999,8.40737735846561,-0.043806428571428545
2019-12-31,-0.1783,0.10121071428571429,4.610985288690476,8.486075080687831,0.10121071428571429
2020-01-01,0.7097666666666667,0.19688452380952381,4.542856306547619,8.543565951058204,0.19688452380952381
2020-01-02,0.23727,0.2965008333333333,4.4769039910714294,8.59801500661376,0.2965008333333333
2020-01-03,0.4910333333333333,0.5607433333333333,4.467506258928571,8.663736876984126,0.5607433333333333
2020-01-04,0.40605,1.0109233333333334,4.4880156101190485,8.737947821428572,1.0109233333333334
2020-01-05,-0.4019,1.10622,4.483778711309524,8.826271358465606,1.10622
2020-01-06,0.17698000000000003,1.1271266666666668,4.455612041666666,8.931171339947086,1.1271266666666668
2020-01-07,0.27928333333333333,0.9272874999999999,4.380479184523809,9.023969802910054,0.9272874999999999
2020-01-08,0.08006666666666669,0.499865,4.273126577380952,9.081662376984122,0.499865
2020-01-09,0.24818333333333334,0.51288,4.1634502202380945,9.116960173280424,0.51288
2020-01-10,0.05163333333333334,0.5096308333333334,4.014759279761904,9.13999148809524,0.5096308333333334
2020-01-11,-0.013933333333333317,0.48601500000000003,3.836819053571429,9.161784747354499,0.48601500000000003
2020-01-12,0.2989625,0.5986189583333333,3.6692045208333335,9.196656386243388,0.5986189583333333
2020-01-13,-0.2871285714285714,0.41487410714285716,3.514437502976191,9.22930080952381,0.41487410714285716
2020-01-14,0.28155,0.31994508928571436,3.3705865624999998,9.237518063492058,0.31994508928571436
2020-01-15,0.29436666666666667,0.37539523809523817,3.2630042033730167,9.225580132275127,0.37539523809523817
2020-01-16,0.11918571428571428,0.3311772321428572,3.1930893045634927,9.211714648148153,0.3311772321428572
2020-01-17,0.032866666666666676,0.5007860119047619,3.1245629374999995,9.196114777777783,0.5007860119047619
2020-01-18,0.36898333333333333,0.6347739583333334,3.059861431547619,9.177836314814815,0.6347739583333334
2020-01-19,-0.1806,0.572945238095238,3.014459008928572,9.163933129629633,0.572945238095238
2020-01-20,0.174425,0.5698705357142856,2.9864610863095242,9.150849234567902,0.5698705357142856
2020-01-21,0.16904285714285713,0.5208410714285714,2.9558884017857143,9.131484673721342,0.5208410714285714
2020-01-22,0.13598,0.39170244047619046,2.9034859553571426,9.100631724867728,0.39170244047619046
2020-01-23,0.023785714285714275,0.43240190476190477,2.8207064851190484,9.067206851851854,0.43240190476190477
2020-01-24,0.37866,0.5103502976190476,2.7181464910714292,9.049264042328042,0.5103502976190476
2020-01-25,0.9908,0.7596939285714286,2.6755492470238096,9.062832899470902,0.7596939285714286
2020-01-26,0.0,1.0332933928571428,2.6837884196428576,9.081696201058202,1.0332933928571428
2020-01-27,0.17408333333333334,1.2933708333333331,2.6952586755952392,9.090220873015877,1.2933708333333331
2020-01-28,0.16752,1.4496045238095239,2.7133570148809527,9.104073433862434,1.4496045238095239
2020-01-29,-0.12739999999999999,1.1208489285714287,2.731843354166665,9.099646587301589,1.1208489285714287
2020-01-30,0.0,0.8260883333333334,2.7715213601190474,9.066598814814812,0.8260883333333334
2020-01-31,0.5034,0.5760825,2.843731866071429,9.025838560846562,0.5760825
2020-02-01,0.08914285714285716,0.3592673809523809,2.917441360119047,8.973749746031745,0.3592673809523809
2020-02-02,-0.1908,0.4061522619047619,2.9863711041666665,8.908617074074076,0.4061522619047619
2020-02-03,0.03924,0.46284714285714285,3.0436697767857144,8.830489846560846,0.46284714285714285
2020-02-04,0.14718,0.3481578571428571,3.066472401785714,8.725118285714283,0.3481578571428571
2020-02-05,0.022824999999999998,0.23648339285714284,3.0675518184523813,8.602839447089949,0.23648339285714284
2020-02-06,-0.04077,0.17816642857142856,3.070154991071429,8.476133997354498,0.17816642857142856
2020-02-07,0.23972,0.1601594642857143,3.0676869136904763,8.351711103174603,0.1601594642857143
2020-02-08,-0.23202857142857142,0.13640535714285718,3.0514869553571433,8.235989743386243,0.13640535714285718
2020-02-09,-0.18496,0.07728446428571431,3.0162085327380947,8.129408589947088,0.07728446428571431
2020-02-10,0.1847181818181818,0.037028116883116864,2.9770373384740254,8.034465199374695,0.037028116883116864
2020-02-11,0.0,-0.11327823051948051,2.950908872564935,7.9276331219336225,-0.11327823051948051
2020-02-12,0.22995714285714286,-0.05328600649350648,2.94074863284632,7.814355012746514,-0.05328600649350648
2020-02-13,0.46740000000000004,0.22174246753246754,2.9503271193181813,7.725473464405968,0.22174246753246754
2020-02-14,0.24566,0.45563435064935065,2.909362855790043,7.659419249398748,0.45563435064935065
2020-02-15,0.04396666666666666,0.7604479004329004,2.8204762589285717,7.598864589947092,0.7604479004329004
2020-02-16,0.37615,0.9863132359307359,2.7447949954004334,7.532003745310244,0.9863132359307359
2020-02-17,0.1386,0.9668885714285714,2.6738860652056275,7.454675604377104,0.9668885714285714
2020-02-18,-0.1191125,0.8410353273809524,2.6096645725108223,7.360674176406926,0.8410353273809524
2020-02-19,0.09765,0.7176112499999999,2.5587719339826833,7.266811868807121,0.7176112499999999
2020-02-20,0.52925,0.5959139583333333,2.499324295454545,7.180516116762867,0.5959139583333333
2020-02-21,0.08159999999999999,0.5421666666666667,2.432646493235931,7.09722117953343,0.5421666666666667
2020-02-22,0.08159999999999999,0.6297906249999999,2.3754273963744588,7.026614020081771,0.6297906249999999
2020-02-23,0.2581,0.74410625,2.334139335227273,6.9691557495189995,0.74410625
2020-02-24,0.07626000000000001,0.706899375,2.306287190746753,6.920757775252528,0.706899375
2020-02-25,0.255025,0.7272987499999999,2.288555730790043,6.880240328763829,0.7272987499999999
2020-02-26,0.3394,0.76197,2.290383455357143,6.833332095238093,0.76197
2020-02-27,-0.33695,0.60776625,2.2923711799242428,6.782146996632995,0.60776625
2020-02-28,-0.23283,0.4895375,2.284439416396104,6.734117199615204,0.4895375
2020-02-29,0.0,0.26419624999999997,2.291381956439394,6.685024476671479,0.26419624999999997
2020-03-01,0.24006666666666668,-0.0504283333333334,2.312924950487013,6.635397203463201,-0.0504283333333334
2020-03-02,-0.2203,-0.18712791666666673,2.3333517735389604,6.584865602212605,-0.18712791666666673
2020-03-03,0.273,-0.1200975,2.3475923823051947,6.530104408369408,-0.1200975
2020-03-04,0.2952,0.08448916666666667,2.351231276785714,6.475165158970658,0.08448916666666667
2020-03-05,0.03687500000000001,0.2631112500000001,2.361755546266233,6.424563625621291,0.2631112500000001
2020-03-06,0.46409999999999996,0.5836708333333334,2.39509285741342,6.379334627545294,0.5836708333333334
2020-03-07,0.46409999999999996,0.8255479166666666,2.4349814185606053,6.345079442520443,0.8255479166666666
2020-03-08,0.9622,1.160375,2.4933300630411246,6.329287735449736,1.160375
2020-03-09,0.13246666666666668,1.5698979166666667,2.5790739991883114,6.319195531024531,1.5698979166666667
2020-03-10,0.13246666666666668,1.7254125,2.669329393668831,6.281451863636364,1.7254125
2020-03-11,0.0943,1.7407020833333333,2.7464939548160174,6.231059770322271,1.7407020833333333
2020-03-12,-0.0386,1.339041666666667,2.809322087391775,6.185372047378549,1.339041666666667
2020-03-13,0.016416666666666666,0.8844708333333334,2.8608942080627706,6.132755102212602,0.8844708333333334
2020-03-14,0.3404,0.5647916666666666,2.9006127454004327,6.089883453342951,0.5647916666666666
2020-03-15,0.3318333333333333,0.39694583333333333,2.9450796160714288,6.068838285954787,0.39694583333333333
2020-03-16,0.0013777777777777755,0.48929444444444437,2.9855626395202024,6.046895649430817,0.48929444444444437
2020-03-17,0.55705,0.7458138888888888,3.0098364824134203,6.0276311099086115,0.7458138888888888
2020-03-18,0.18473333333333333,0.9114333333333333,3.057506158639972,6.026003432820264,0.9114333333333333
2020-03-19,0.3256,1.0161111111111112,3.1466154539141415,6.040435237213404,1.0161111111111112
2020-03-20,0.3256,1.19185,3.253221534902598,6.075456597162098,1.19185
2020-03-21,0.3819,1.1886430555555556,3.3655057371031747,6.124264512666345,1.1886430555555556
2020-03-22,-0.03655,1.1690319444444444,3.490053310515872,6.177724817059484,1.1690319444444444
2020-03-23,0.7929,1.2678041666666668,3.6366235624999996,6.234436065897066,1.2678041666666668
2020-03-24,0.20290000000000002,1.2548458333333334,3.797112743055555,6.298431505210837,1.2548458333333334
2020-03-25,-0.2023,1.139625,3.958839673611111,6.367095261984927,1.139625
2020-03-26,-0.194575,1.0402187499999997,4.092836645833332,6.42900101948052,1.0402187499999997
2020-03-27,0.07060000000000001,0.6434125000000002,4.187827159722221,6.489679984046816,0.6434125000000002
2020-03-28,0.20887272727272727,0.2787744318181818,4.231358241792929,6.552819597963768,0.2787744318181818
2020-03-29,0.39844999999999997,0.21037386363636368,4.23582624621212,6.605208194564698,0.21037386363636368
2020-03-30,0.36035,0.3202107954545454,4.245481021464647,6.646198791165624,0.3202107954545454
2020-03-31,0.36035,0.6830602272727272,4.277487463383837,6.694666202581371,0.6830602272727272
2020-04-01,0.2673625,1.0590389204545454,4.337672967803029,6.751294901034151,1.0590389204545454
2020-04-02,0.40592,1.2866976136363637,4.419879701388888,6.812057886523973,1.2866976136363637
2020-04-03,0.4732,1.4038375568181818,4.5147161016414135,6.892123409050826,1.4038375568181818
2020-04-04,-0.01200000000000001,1.3554524999999997,4.5958298352272715,6.977836431577681,1.3554524999999997
2020-04-05,0.4249625,1.3318450000000002,4.678889200757575,7.051707704104535,1.3318450000000002
2020-04-06,0.40926666666666667,1.3072066666666666,4.769743531565657,7.126343337742506,1.3072066666666666
2020-04-07,-0.08652499999999999,1.1144245833333333,4.831638487373737,7.2049311010101,1.1144245833333333
2020-04-08,0.3570666666666667,1.1069966666666666,4.860535818181818,7.282623216129549,1.1069966666666666
2020-04-09,0.16985,0.9963906250000001,4.864225315656564,7.362071034952701,0.9963906250000001
2020-04-10,0.3413,0.8679562500000001,4.851320229797978,7.440255298220299,0.8679562500000001
2020-04-11,0.011166666666666667,0.9038760416666666,4.8304534772727274,7.512313404080489,0.9038760416666666
2020-04-12,0.24635,0.8198500000000002,4.779524641414141,7.587309849887767,0.8198500000000002
2020-04-13,0.24635,0.8187270833333334,4.705328305555556,7.680380533790285,0.8187270833333334
2020-04-14,0.3032666666666667,0.8250875,4.653144261363635,7.791131143618727,0.8250875
2020-04-15,0.2015142857142857,0.8546119047619047,4.64594786598124,7.906750642336058,0.8546119047619047
2020-04-16,0.2613666666666667,0.9155696428571429,4.679727244408369,8.028763474386725,0.9155696428571429
2020-04-17,0.25675,0.9600023809523809,4.748143403138528,8.159827047178133,0.9600023809523809
2020-04-18,0.5759,1.0821017857142856,4.834376342171715,8.289608768117686,1.0821017857142856
2020-04-19,0.5759,1.2502107142857142,4.91808761453824,8.424740211279461,1.2502107142857142
2020-04-20,0.5380666666666667,1.4837404761904762,4.999282220238094,8.564932593594675,1.4837404761904762
2020-04-21,-0.03200000000000001,1.642482738095238,5.063135367604618,8.693510415063331,1.642482738095238
2020-04-22,0.017674999999999996,1.5935104166666665,5.092411681637807,8.79200868891294,1.5935104166666665
2020-04-23,0.25236,1.3700566666666667,5.0934032873376625,8.873653044773128,1.3700566666666667
2020-04-24,0.1355875,0.9768081249999999,5.09783941387085,8.968936743225909,0.9768081249999999
2020-04-25,0.0,0.6637470833333333,5.09334738068182,9.071696599086101,0.6637470833333333
2020-04-26,0.23265,0.5439860416666666,5.066920833603897,9.177737936427773,0.5439860416666666
2020-04-27,0.20334999999999998,0.49285749999999995,5.053801786525974,9.292912273769439,0.49285749999999995
2020-04-28,0.2264,0.565051875,5.050657739448052,9.405378129629629,0.565051875
2020-04-29,0.19584444444444443,0.6782073611111111,5.048003970147908,9.506181516354014,0.6782073611111111
2020-04-30,0.2379875,0.7389534722222222,5.048325999458874,9.609993899991984,0.7389534722222222
2020-05-01,-0.10692857142857141,0.7343824404761904,5.042934918650795,9.709436797298377,0.7343824404761904
2020-05-02,0.0779,0.6699832837301588,5.042851040223666,9.79094355703864,0.6699832837301588
2020-05-03,0.9092,0.7349619047619047,5.067704661796538,9.87039335381594,0.7349619047619047
2020-05-04,0.26682,0.8058142757936508,5.094492950036076,9.950510261704341,0.8058142757936508
2020-05-05,0.0377625,0.9904090575396826,5.093734878156566,10.020178141814977,0.9904090575396826
2020-05-06,0.2188,1.2473538392857142,5.073147446158008,10.084822883036717,1.2473538392857142
2020-05-07,0.3990666666666667,1.1984263988095236,5.049087665674602,10.141735587221424,1.1984263988095236
2020-05-08,0.42264,1.1812458333333336,5.019121120039682,10.185734936908768,1.1812458333333336
2020-05-09,0.16578,1.159896875,4.965245074404764,10.231625746913577,1.159896875
2020-05-10,0.1192,1.0784229166666668,4.880812695436506,10.289499758938593,1.0784229166666668
2020-05-11,0.18938333333333332,1.0720614583333334,4.794484378968255,10.35560989890973,1.0720614583333334
2020-05-12,0.18938333333333332,0.9684308333333334,4.735173541666668,10.422273131713961,0.9684308333333334
2020-05-13,0.38595,0.8878383333333333,4.698722287698412,10.489581309203144,0.8878383333333333
2020-05-14,-0.004425000000000004,0.8012395833333334,4.663941783730158,10.552189320025652,0.8012395833333334
2020-05-15,0.2884875,0.7918377083333333,4.639807529761906,10.605156099366681,0.7918377083333333
2020-05-16,0.13290000000000002,0.8266291666666667,4.635431192460318,10.653523758337347,0.8266291666666667
2020-05-17,0.12264285714285715,0.7405513392857143,4.623711968253968,10.695488393498485,0.7405513392857143
2020-05-18,0.17937142857142857,0.731328869047619,4.604819142857143,10.721489270723108,0.731328869047619
2020-05-19,0.4265375,0.7318428571428572,4.5931347351190475,10.74373510826519,0.7318428571428572
2020-05-20,0.7964800000000001,0.9123726785714286,4.60311291765873,10.777358640251721,0.9123726785714286
2020-05-21,0.14615,1.1646060714285715,4.638915570436509,10.80970463520122,1.1646060714285715
2020-05-22,0.0,1.3260475000000003,4.686261318452382,10.8383158153359,1.3260475000000003
2020-05-23,-0.07762,1.3269370535714287,4.694629066468252,10.863826958433537,1.3269370535714287
2020-05-24,-0.09290000000000002,0.9395866071428571,4.653673231150795,10.879449286716373,0.9395866071428571
2020-05-25,0.49485,0.633534375,4.6201565446428585,10.891859781665866,0.633534375
2020-05-26,-0.07953333333333333,0.3524416666666667,4.595766673611111,10.907657035874617,0.3524416666666667
2020-05-27,0.35856,0.30643333333333334,4.560412052579365,10.920859216009296,0.30643333333333334
2020-05-28,0.02772,0.512925,4.514445348214288,10.921073618366208,0.512925
2020-05-29,0.1281,0.5405541666666667,4.471748143849206,10.90821865035274,0.5405541666666667
2020-05-30,0.4574,0.7222999999999999,4.457288606150795,10.893319290804873,0.7222999999999999
2020-05-31,0.13924999999999998,0.7401733333333333,4.454967818452381,10.87498276194484,0.7401733333333333
2020-06-01,-0.2885,0.6488366666666667,4.429619322420637,10.844059751603341,0.6488366666666667
2020-06-02,0.09387999999999999,0.6406324999999999,4.377389534722224,10.798784296817379,0.6406324999999999
2020-06-03,0.0036333333333333404,0.38475333333333334,4.3182200178571435,10.732686490179578,0.38475333333333334
2020-06-04,0.24525000000000002,0.21020166666666662,4.254459146825397,10.650165627986208,0.21020166666666662
2020-06-05,0.254675,0.25049875,4.187943275793651,10.57226689542248,0.25049875
2020-06-06,0.20970000000000003,0.32830583333333335,4.131159636904761,10.515693996192079,0.32830583333333335
2020-06-07,0.47385,0.6371087500000001,4.087107783730158,10.472878282146864,0.6371087500000001
2020-06-08,0.050100000000000006,0.8706241666666666,4.036415345238095,10.43020688291647,0.8706241666666666
2020-06-09,-0.12055,0.8745395833333333,3.933656580357142,10.386259279982367,0.8745395833333333
2020-06-10,-0.0547,0.7834000000000001,3.7826615386904763,10.335813343714925,0.7834000000000001
2020-06-11,0.2725125,0.524371875,3.629078595238094,10.27785217596601,0.524371875
2020-06-12,0.4707,0.41928125000000005,3.5226344642857153,10.222563554513384,0.41928125000000005
2020-06-13,0.2715666666666667,0.5060260416666666,3.4726735000000004,10.173608389850887,0.5060260416666666
2020-06-14,0.0,0.6725458333333334,3.417018764880952,10.121732268398263,0.6725458333333334
2020-06-15,0.3825,0.9168968750000001,3.3565747589285713,10.077398479397148,0.9168968750000001
2020-06-16,0.15534285714285714,0.9772586309523811,3.3110721577380944,10.047927838544172,0.9772586309523811
2020-06-17,0.03156,0.8795895535714285,3.2714707946428576,10.004268710918709,0.8795895535714285
2020-06-18,0.07677142857142856,0.7874383333333335,3.2414972172619043,9.94291504361071,0.7874383333333335
2020-06-19,0.1322625,0.605230863095238,3.1945989880952386,9.884976586620171,0.605230863095238
2020-06-20,0.7322,0.6460769642857143,3.1471944047619047,9.834779101851852,0.6460769642857143
2020-06-21,0.65372,0.9024647321428572,3.151369488095238,9.794654246713158,0.9024647321428572
2020-06-22,0.2686,1.1876167857142856,3.2027169047619037,9.757581687870768,1.1876167857142856
2020-06-23,0.2169,1.5564875892857144,3.2708642797619047,9.712834240139488,1.5564875892857144
2020-06-24,0.24952,1.660474107142857,3.345329550595238,9.662526625741545,1.660474107142857
2020-06-25,0.1878,1.492440625,3.416266258928571,9.6088432150473,1.492440625
2020-06-26,0.13456666666666667,1.2429416666666666,3.4784319553571432,9.553429871693117,1.2429416666666666
2020-06-27,0.31647142857142857,0.9971761904761905,3.5252464613095236,9.496990907848323,0.9971761904761905
2020-06-28,0.40282,0.9104057142857144,3.578993476190477,9.44849684876543,0.9104057142857144
2020-06-29,-0.17538571428571428,0.8493188095238094,3.6725242857142857,9.404225115079361,0.8493188095238094
2020-06-30,0.021666666666666667,0.7935152380952382,3.7945403690476183,9.35585580864197,0.7935152380952382
2020-07-01,0.35942,0.7235559523809525,3.9188467440476193,9.313522985008817,0.7235559523809525
2020-07-02,0.28426666666666667,0.5856333333333335,4.0201441607142865,9.281398806878304,0.5856333333333335
2020-07-03,0.35973333333333335,0.6722869047619048,4.096165244047619,9.24808998589065,0.6722869047619048
2020-07-04,0.34914285714285714,0.8690345238095237,4.186378648809524,9.200067872574957,0.8690345238095237
2020-07-05,0.7712,1.15799,4.295858541666666,9.15281589285714,1.15799
2020-07-06,0.2411375,1.4658015178571426,4.410730395833333,9.117150348324511,1.4658015178571426
2020-07-07,0.28016,1.6199399404761907,4.538946544642857,9.092007905643737,1.6199399404761907
2020-07-08,0.2699666666666667,1.672415267857143,4.679394788690477,9.082621944444442,1.672415267857143
2020-07-09,-0.20385999999999999,1.3781805952380954,4.82568150297619,9.07071772398589,1.3781805952380954
2020-07-10,0.5746,1.1780938392857143,4.952929842261906,9.057619873897709,1.1780938392857143
2020-07-11,0.24152,0.9882404166666667,5.027553931547619,9.050250727513227,0.9882404166666667
2020-07-12,0.21910833333333335,0.8054664583333333,5.062712229166666,9.044890118165782,0.8054664583333333
2020-07-13,0.462075,1.03294125,5.093062943452381,9.04974239770723,1.03294125
2020-07-14,0.166175,1.0749441666666668,5.122020991071428,9.054172798941805,1.0749441666666668
2020-07-15,0.09985000000000001,1.0911895833333334,5.148261788690475,9.053443266313934,1.0911895833333334
2020-07-16,0.30725,1.142185,5.180171127976191,9.06631058553792,1.142185
2020-07-17,0.7351,1.0949529166666665,5.232676062500001,9.104336126984132,1.0949529166666665
2020-07-18,0.38632,1.2048633333333334,5.2903506755952385,9.165452705467377,1.2048633333333334
2020-07-19,-0.6192,1.17042875,5.329070324404762,9.230828395061732,1.17042875
2020-07-20,0.3237333333333333,1.118079583333333,5.363708008928572,9.28743464021164,1.118079583333333
2020-07-21,0.16497499999999998,0.8549429166666667,5.39695438095238,9.338992366843037,0.8549429166666667
2020-07-22,0.06621250000000001,0.456743125,5.422376419642858,9.380929232363316,0.456743125
2020-07-23,-0.22688,0.3363858333333334,5.430138437499999,9.413748097883602,0.3363858333333334
2020-07-24,-0.10533333333333335,0.10464104166666664,5.4009404791666675,9.445947787477955,0.10464104166666664
2020-07-25,0.21424444444444446,0.027744861111111095,5.328010655753967,9.485837044973545,0.027744861111111095
2020-07-26,-0.08124999999999999,-0.005990069444444454,5.221234889880952,9.527208185185188,-0.005990069444444454
2020-07-27,0.8593999999999999,0.133765,5.1125205704365095,9.5654846031746,0.133765
2020-07-28,0.07515999999999999,0.42591006944444443,5.002372203373016,9.602341811287475,0.42591006944444443
2020-07-29,-0.2200875,0.5971547916666666,4.890521163690475,9.636374253968247,0.5971547916666666
2020-07-30,0.18890833333333334,0.8728047222222223,4.78096520734127,9.663016471781308,0.8728047222222223
2020-07-31,0.29636250000000003,0.7361252777777778,4.6773830218253964,9.682775984567902,0.7361252777777778
2020-08-01,0.2223,0.5911075,4.586793982142858,9.715112794973548,0.5911075
2020-08-02,0.2307,0.6673695833333334,4.485608275793651,9.763142462522048,0.6673695833333334
2020-08-03,0.17105,0.6716275,4.374714319444445,9.814375070546742,0.6716275
2020-08-04,0.13069,0.7752266666666666,4.268995613095239,9.852600761904762,0.7752266666666666
2020-08-05,-0.018399999999999993,0.7818658333333333,4.153788323412699,9.86814108289242,0.7818658333333333
2020-08-06,0.2212625,0.6734487499999999,4.002811048611111,9.874569505731927,0.6734487499999999
2020-08-07,-0.0736,0.50833375,3.817436622023809,9.878387734126983,0.50833375
2020-08-08,0.70475,0.528151875,3.665170802579365,9.88202029585538,0.528151875
2020-08-09,0.01978000000000001,0.61769,3.5419485902777774,9.887413672398585,0.61769
2020-08-10,0.27743333333333337,0.7236302083333334,3.4112484613095253,9.893154234126987,0.7236302083333334
2020-08-11,-0.08731818181818182,0.8873033712121213,3.2898340027958155,9.897376710237294,0.8873033712121213
2020-08-12,0.13627142857142857,0.7653418912337663,3.193776750450938,9.890398024009935,0.7653418912337663
2020-08-13,0.5488625,0.7661060362554113,3.1491804177489167,9.889134091750837,0.7661060362554113
2020-08-14,0.0027500000000000024,0.6841566396103895,3.1409374134199135,9.90209724943883,0.6841566396103895
2020-08-15,0.03840000000000001,0.637066333874459,3.152381874368687,9.909888401835822,0.637066333874459
2020-08-16,0.48643749999999997,0.8196371888528139,3.1510722103174595,9.912562648148148,0.8196371888528139
2020-08-17,0.23292,0.7909517938311689,3.1347716504329,9.91565096588905,0.7909517938311689
2020-08-18,0.3317777777777778,0.9131941765873016,3.1414875766594523,9.922849982483566,0.9131941765873016
2020-08-19,0.29845,1.069019513888889,3.1747866556637807,9.922628688672441,1.069019513888889
2020-08-20,0.1971,1.0649689583333333,3.216613943001442,9.907041005972419,1.0649689583333333
2020-08-21,0.14796,1.118664027777778,3.2526503136724383,9.88284048993907,1.118664027777778
2020-08-22,-0.1142,0.9786077083333334,3.2839102676767675,9.84489538131313,0.9786077083333334
2020-08-23,0.2585363636363636,0.7635604797979798,3.3143973807720055,9.811551084135,0.7635604797979798
2020-08-24,0.21023333333333333,0.6241309595959595,3.348167361291486,9.779791302108382,0.6241309595959595
2020-08-25,0.02003333333333333,0.4739597727272727,3.392257008477634,9.735554334896584,0.4739597727272727
2020-08-26,0.24722857142857144,0.5256401731601732,3.458943828282829,9.68834275921918,0.5256401731601732
2020-08-27,0.05371666666666666,0.5360940584415586,3.5538066540404047,9.631068945446527,0.5360940584415586
2020-08-28,0.251,0.5534562770562771,3.618907896464647,9.56972531685907,0.5534562770562771
2020-08-29,-0.07345,0.5794293290043291,3.6448347222222215,9.511072243827163,0.5794293290043291
2020-08-30,-0.07178749999999999,0.43529122023809524,3.6644876521464638,9.440100420795252,0.43529122023809524
2020-08-31,0.3634,0.419778869047619,3.6877048244949493,9.347042958874459,0.419778869047619
2020-09-01,0.2491,0.39359985119047614,3.7197701470057716,9.236954089546261,0.39359985119047614
2020-09-02,0.2939833333333333,0.48264999999999997,3.7228505230880233,9.140839960958797,0.48264999999999997
2020-09-03,-0.08929999999999999,0.6470760416666665,3.706190135281385,9.05912073977874,0.6470760416666665
2020-09-04,0.16845555555555555,0.6853451388888889,3.692775997474747,8.972580561808561,0.6853451388888889
2020-09-05,-0.0015833333333333324,0.6614184027777776,3.676745540223665,8.890352019640856,0.6614184027777776
2020-09-06,0.1647,0.5133125,3.65218912463925,8.819327940436107,0.5133125
2020-09-07,0.074,0.4104097222222222,3.601742132665946,8.757555824194323,0.4104097222222222
2020-09-08,0.19652,0.36325916666666663,3.525767272637085,8.694422016594519,0.36325916666666663
2020-09-09,0.280575,0.4493190277777778,3.4490740584415587,8.636053971340388,0.4493190277777778
2020-09-10,0.17476666666666665,0.5702163888888889,3.3794779484126987,8.573710972382559,0.5702163888888889
2020-09-11,0.17476666666666665,0.6754804166666668,3.3282571717171714,8.502731084535833,0.6754804166666668
2020-09-12,0.209,0.7768483333333335,3.289457493506492,8.442253289281705,0.7768483333333335
2020-09-13,0.27080000000000004,0.8052329166666666,3.24675783044733,8.392049475509056,0.8052329166666666
2020-09-14,0.2808,0.8576091666666668,3.2091420840548337,8.343166786075033,0.8576091666666668
2020-09-15,-0.11327777777777778,0.8127826388888889,3.1674228604797983,8.286696319745069,0.8127826388888889
2020-09-16,0.31268,0.7907561111111111,3.1193329930555556,8.22357844953503,0.7907561111111111
2020-09-17,-0.06903999999999999,0.6862133333333333,3.0778770422979793,8.156562511864676,0.6862133333333333
2020-09-18,-0.269825,0.4175059722222222,3.037185216540404,8.08868121308321,0.4175059722222222
2020-09-19,0.10497500000000001,0.2753729166666667,3.0070643491161615,8.031872025412857,0.2753729166666667
2020-09-20,0.1806,0.07429986111111114,2.974255110479798,7.983975837742502,0.07429986111111114
2020-09-21,0.022266666666666674,-0.018986527777777745,2.9171163696789324,7.940446779701778,-0.018986527777777745
2020-09-22,-0.4939,-0.030635416666666596,2.8381609770923517,7.882834240179576,-0.030635416666666596
2020-09-23,0.10920000000000002,-0.09579124999999997,2.753144230339105,7.809705700657367,-0.09579124999999997
2020-09-24,0.194325,-0.1244958333333333,2.6727865808080815,7.7369267722462745,-0.1244958333333333
2020-09-25,-0.4164333333333333,-0.28570208333333336,2.5916535493326123,7.662466726711559,-0.28570208333333336
2020-09-26,-0.074,-0.2859145833333333,2.508087788690477,7.589461698973866,-0.2859145833333333
2020-09-27,0.1976,-0.2650833333333333,2.4297944724927856,7.505131853775853,-0.2650833333333333
2020-09-28,0.11333333333333334,-0.26793124999999995,2.361504184072871,7.410290778419109,-0.26793124999999995
2020-09-29,-0.21989999999999998,-0.11197083333333327,2.2790837289862913,7.317585480840152,-0.11197083333333327
2020-09-30,0.58888,0.10473458333333334,2.1917471905663777,7.224468979557481,0.10473458333333334
2020-10-01,-0.04738,0.238095,2.101315485479799,7.128538978274815,0.238095
2020-10-02,0.055950000000000014,0.37735749999999996,1.9955181061507932,7.028031761824594,0.37735749999999996
2020-10-03,0.25595,0.5864491666666666,1.8852474692460321,6.929433293169794,0.5864491666666666
2020-10-04,0.4374,0.5919508333333333,1.7704872490079369,6.838774685626102,0.5919508333333333
2020-10-05,0.0,0.6705425,1.6649674652777775,6.751100272526854,0.6705425
2020-10-06,0.39097499999999996,0.84723625,1.5667755763888889,6.673132322390571,0.84723625
2020-10-07,0.12412499999999999,0.87201125,1.4768971041666665,6.598414749358664,0.87201125
2020-10-08,0.05416,0.83884625,1.4128577569444445,6.519380349727434,0.83884625
2020-10-09,0.12495714285714286,0.8250755357142856,1.3579079007936505,6.446287103535354,0.8250755357142856
2020-10-10,0.36845,0.7219173214285713,1.3083047857142853,6.377855098084015,0.7219173214285713
2020-10-11,0.37674285714285716,0.7148698214285714,1.282500658730159,6.318584045013627,0.7148698214285714
2020-10-12,0.0,0.7900923214285716,1.303273853174603,6.263708097763347,0.7900923214285716
2020-10-13,0.34306,0.88860125,1.3569756309523806,6.211654206068622,0.88860125
2020-10-14,0.0286125,0.9077820535714286,1.4067718601190473,6.171480842151675,0.9077820535714286
2020-10-15,0.50396,0.8956126785714285,1.4851596240079366,6.142326339345839,0.8956126785714285
2020-10-16,0.1568,0.9361833035714285,1.6086659712301585,6.119362725428892,0.9361833035714285
2020-10-17,0.1605,0.8765882142857142,1.7398923184523805,6.085268592993424,0.8765882142857142
2020-10-18,0.44342857142857145,1.0056565178571428,1.8774332132936509,6.050053296536795,1.0056565178571428
2020-10-19,0.2553,1.0407555357142857,2.0496980307539685,6.026272731120733,1.0407555357142857
2020-10-20,0.07665,1.0166170535714285,2.2231961398809523,6.00504097743306,1.0166170535714285
2020-10-21,0.2864,1.0695935714285714,2.38743383234127,5.98243310337502,1.0695935714285714
2020-10-22,0.1042,0.9340589285714287,2.5706021914682546,5.955169525613276,0.9340589285714287
2020-10-23,0.30623333333333336,0.8734226190476191,2.7604313839285712,5.927664886123135,0.8734226190476191
2020-10-24,0.40974999999999995,0.9160988095238095,2.9472826597222217,5.898991221941641,0.9160988095238095
2020-10-25,0.18031250000000001,0.9007781249999999,3.1312035535714284,5.875401215167551,0.9007781249999999
2020-10-26,0.63234,1.1022995833333333,3.32087706547619,5.863457273208275,1.1022995833333333
2020-10-27,0.08817142857142858,1.2365722321428572,3.5088993630952383,5.8493805600849775,1.2365722321428572
2020-10-28,0.11982500000000001,1.2150886309523807,3.6847356964285707,5.826606260982842,1.2150886309523807
2020-10-29,0.09195,1.1980362797619049,3.8527892976190476,5.799319137806638,1.1980362797619049
2020-10-30,0.30233333333333334,0.9664472619047619,4.0131689999999995,5.7784531411736415,0.9664472619047619
2020-10-31,0.14318333333333333,0.8031266964285716,4.152498642857142,5.763139502565334,0.8031266964285716
2020-11-01,0.1041125,0.7083592559523809,4.267382705357144,5.749623262105181,0.7083592559523809
2020-11-02,0.26132,0.6780249404761906,4.3646320803571435,5.751050382756134,0.6780249404761906
2020-11-03,0.26565714285714287,0.7210232440476191,4.464060383928571,5.7632438049943895,0.7210232440476191
2020-11-04,0.09845833333333333,0.7390873214285715,4.540410241071429,5.775390871412538,0.7390873214285715
2020-11-05,0.09845833333333333,0.7596659821428571,4.576384181547619,5.786858447089947,0.7596659821428571
2020-11-06,0.25980000000000003,0.7375221428571428,4.608539580357142,5.819800189434022,0.7375221428571428
2020-11-07,0.260575,0.7232768154761906,4.6312812589285715,5.875123098444764,0.7232768154761906
2020-11-08,0.24814999999999998,0.7576356547619048,4.629140467261904,5.932655877825878,0.7576356547619048
2020-11-09,0.10728181818181819,0.7956139069264069,4.628512471049786,6.001186030944366,0.7956139069264069
2020-11-10,0.0,0.7690221590909091,4.625951520292211,6.082350647747316,0.7690221590909091
2020-11-11,0.027124999999999996,0.6853384469696968,4.60475294453463,6.168682585978837,0.6853384469696968
2020-11-12,0.03153333333333332,0.5100776515151515,4.5722966604437225,6.254885681617765,0.5100776515151515
2020-11-13,0.22195,0.3612780303030303,4.5277120430194815,6.346730629108547,0.3612780303030303
2020-11-14,0.0,0.2774284090909091,4.47010805059524,6.438673659932663,0.2774284090909091
2020-11-15,0.5693250000000001,0.3874912878787879,4.395878933170995,6.532902051867886,0.3874912878787879
2020-11-16,0.11841428571428571,0.5734285714285714,4.315695226461038,6.6408559667308,0.5734285714285714
2020-11-17,-0.20642857142857143,0.6236041666666667,4.227368466179654,6.747903364838865,0.6236041666666667
2020-11-18,0.19528,0.7225997619047619,4.132652170183984,6.84492522326439,0.7225997619047619
2020-11-19,0.23893333333333333,0.6034474404761906,4.041412219426405,6.940885674282505,0.6034474404761906
2020-11-20,0.16610000000000003,0.4744963095238096,3.9566520900974034,7.033033273448773,0.4744963095238096
2020-11-21,0.23334,0.5625819642857144,3.878931740530303,7.119776165544333,0.5625819642857144
2020-11-22,0.2068375,0.604736994047619,3.8025207034632036,7.212656582050666,0.604736994047619
2020-11-23,0.130775,0.7024503571428571,3.717492934253247,7.307866386123134,0.7024503571428571
2020-11-24,0.80665,0.9483797916666667,3.6510093287337657,7.405496997073913,0.9483797916666667
2020-11-25,0.290225,1.0985883333333335,3.6186207648809523,7.502099102733684,1.0985883333333335
2020-11-26,0.26752,1.261078125,3.590195409361473,7.5999120523088015,1.261078125
2020-11-27,0.3901142857142857,1.5154423214285717,3.5672903752705634,7.699381271725192,1.5154423214285717
2020-11-28,0.35057499999999997,1.4956502678571428,3.5549345376082258,7.797207233205065,1.4956502678571428
2020-11-29,0.3297,1.4715057142857142,3.550112734036797,7.8939970002405,1.4715057142857142
2020-11-30,-0.2024,1.3147105357142854,3.5521855895562773,7.98432321172038,1.3147105357142854
2020-12-01,0.15829000000000001,1.0351244642857143,3.5615644450757578,8.07314246023729,1.0351244642857143
2020-12-02,0.4045125,0.8830415178571429,3.592341279761905,8.157068694203943,0.8830415178571429
2020-12-03,0.10115,0.6639523214285714,3.640985093614719,8.231965604978356,0.6639523214285714
2020-12-04,0.19649999999999998,0.6620681249999999,3.700724219967533,8.304647207110792,0.6620681249999999
2020-12-05,0.33338,0.7619125,3.765560408820347,8.376960994428412,0.7619125
2020-12-06,0.6401,0.907169375,3.838359419101732,8.454063448412697,0.907169375
2020-12-07,0.25451666666666667,1.1479054166666667,3.9431244710497833,8.534991124619205,1.1479054166666667
2020-12-08,0.477325,1.3591227083333335,4.07203736823593,8.613440689714608,1.3591227083333335
2020-12-09,0.35912,1.5330024999999998,4.210007807088745,8.693130939995191,1.5330024999999998
2020-12-10,-0.04937,1.4756179166666668,4.3466082459415585,8.762087616201702,1.4756179166666668
2020-12-11,0.047490000000000004,1.3281349999999998,4.469372080627704,8.819276112514029,1.3281349999999998
2020-12-12,0.15258888888888889,1.0292618055555556,4.584264825036075,8.879396675845756,1.0292618055555556
2020-12-13,-0.32688,0.5524536111111111,4.6910940952380935,8.93900344905403,0.5524536111111111
2020-12-14,0.17682727272727272,0.30456223484848477,4.756403684163058,8.990042475909894,0.30456223484848477
2020-12-15,-0.10021666666666666,0.07150085858585857,4.7737077049062036,9.034247941598522,0.07150085858585857
2020-12-16,0.4250777777777778,-0.012254267676767683,4.78020246176046,9.079274623336545,-0.012254267676767683
2020-12-17,0.48392,0.2781906060606061,4.789549823773448,9.122515391494307,0.2781906060606061
2020-12-18,0.24912857142857142,0.5301614862914863,4.792907060786436,9.160358873937795,0.5301614862914863
2020-12-19,0.1806,0.8892631998556999,4.781879557539681,9.19805871881513,0.8892631998556999
2020-12-20,0.199675,1.1238919967532468,4.776675974747473,9.237861989618409,1.1238919967532468
2020-12-21,-0.6597,0.8699157936507937,4.762855391955266,9.259352204866122,0.8699157936507937
2020-12-22,0.1575,0.5749571230158731,4.709806142496393,9.2594240867805,0.5749571230158731
2020-12-23,0.04945000000000001,0.17700678571428569,4.642984601370851,9.253862913139328,0.17700678571428569
2020-12-24,0.0,-0.21451160714285714,4.56806556024531,9.238484828723742,-0.21451160714285714
2020-12-25,0.0,-0.15519999999999995,4.480885644119768,9.215273444644865,-0.15519999999999995
2020-12-26,0.1376,-0.07795624999999995,4.3656652101370845,9.194361505010418,-0.07795624999999995
2020-12-27,0.08737777777777778,0.041556944444444466,4.209138030122655,9.178100614758694,0.041556944444444466
2020-12-28,0.15913333333333332,0.25077222222222223,4.0219028302669555,9.157761699815616,0.25077222222222223
2020-12-29,0.03194285714285715,0.30304821428571427,3.8084776185064935,9.138713409211158,0.30304821428571427
2020-12-30,0.3480166666666667,0.41290337301587304,3.5991897281746037,9.117251891093472,0.41290337301587304
2020-12-31,0.50265,0.6170946428571429,3.4212485045093803,9.090054351811771,0.6170946428571429
2021-01-01,0.32293333333333335,0.8224525793650794,3.2649473572330447,9.07745138924964,0.8224525793650794
2021-01-02,0.21326666666666666,1.0651557539682541,3.1392060780122653,9.078757839385927,1.0651557539682541
2021-01-03,0.211975,1.2212443452380952,3.0550341018217897,9.080000011744424,1.2212443452380952
2021-01-04,0.11002500000000001,1.175358630952381,3.002503470328283,9.080163387806637,1.175358630952381
2021-01-05,0.10469166666666667,1.0339625000000001,2.9530413249458864,9.079559393498476,1.0339625000000001
2021-01-06,0.44308749999999997,0.9046906249999999,2.8882646269841277,9.077241056597721,0.9046906249999999
2021-01-07,0.8404666666666667,0.9665520833333334,2.837441586760463,9.083672123136125,0.9665520833333334
2021-01-08,0.2173375,1.1533979166666668,2.8085840971320355,9.086507204224787,1.1533979166666668
2021-01-09,0.12068888888888889,1.3988034722222222,2.77234601722583,9.077003054713803,1.3988034722222222
2021-01-10,0.1897625,1.5234225694444443,2.765767722041847,9.062740063492065,1.5234225694444443
2021-01-11,0.48039,1.400899583333333,2.815123301857864,9.045120893698893,1.400899583333333
2021-01-12,0.27212857142857144,1.265246240079365,2.885585908459596,9.023532973905725,1.265246240079365
2021-01-13,0.3534,1.1837713690476188,2.976655479347042,8.999695621572869,1.1837713690476188
2021-01-14,0.3009545454545455,1.1934257593795095,3.097330913870852,8.987641764189517,1.1934257593795095
2021-01-15,-0.03670000000000001,1.1638268163780665,3.2420697120310256,8.983029846200097,1.1638268163780665
2021-01-16,0.37181666666666663,1.1454521293290043,3.406302954635642,8.976345041967292,1.1454521293290043
2021-01-17,0.4233,1.0863746645021646,3.596384600018038,8.97502157371332,1.0863746645021646
2021-01-18,0.24183749999999998,0.9847199269480519,3.814451998376624,8.97816241101491,0.9847199269480519
2021-01-19,0.020385714285714285,1.0266091179653678,4.027820750901877,8.976475617364121,1.0266091179653678
2021-01-20,0.14968333333333333,0.9880429518398267,4.202860896284272,8.959385590909092,0.9880429518398267
2021-01-21,0.40437142857142855,0.9272696428571428,4.355475216269842,8.933131728475232,0.9272696428571428
2021-01-22,0.17485000000000003,0.8645287202380953,4.491402794191919,8.905005881914384,0.8645287202380953
2021-01-23,0.307975,0.8594136904761903,4.614387595598846,8.870213340909093,0.8594136904761903
2021-01-24,0.584075,1.0184299107142858,4.7454889121572865,8.847478605459358,1.0184299107142858
2021-01-25,0.0,1.0810854166666668,4.888577798160174,8.839281052549302,1.0810854166666668
2021-01-26,-0.142975,1.0810315476190477,5.0234282952741705,8.827359762425846,1.0810315476190477
2021-01-27,0.72632,1.1136666071428571,5.127010923340548,8.828146274771528,1.1136666071428571
2021-01-28,0.28462857142857145,0.962842142857143,5.213720271645022,8.847880979998397,0.962842142857143
2021-01-29,0.07755,0.9324980357142858,5.302089639790766,8.874887618847204,0.9324980357142858
2021-01-30,0.4298636363636364,1.1248198376623377,5.376121154401153,8.903060782667952,1.1248198376623377
2021-01-31,0.25202,1.0939803896103897,5.421137134920636,8.92267084183101,1.0939803896103897
2021-02-01,0.07424285714285714,1.0854061201298701,5.441857508297257,8.935471377184543,1.0854061201298701
2021-02-02,0.21174,1.0909918506493506,5.439687274531024,8.945945703543371,1.0909918506493506
2021-02-03,0.2851166666666667,0.9171811796536798,5.417220730158731,8.955678066939237,0.9171811796536798
2021-02-04,0.0,0.7989405086580087,5.392109375180378,8.982781819223986,0.7989405086580087
2021-02-05,0.0,0.7147355519480519,5.3558666313131305,9.026827515953185,0.7147355519480519
2021-02-06,0.0,0.5440480952380953,5.286030831890331,9.071926823793492,0.5440480952380953
2021-02-07,-0.05135,0.3254307142857143,5.186431312229438,9.1193059296136,0.3254307142857143
2021-02-08,0.04976363636363637,0.18225924242424243,5.083179960858586,9.167859429373099,0.18225924242424243
2021-02-09,-0.0675076923076923,0.040771561771561785,4.9922482223748466,9.213459384066548,0.040771561771561785
2021-02-10,-0.12240000000000001,-0.07838111888111887,4.889505636821513,9.252601506376338,-0.07838111888111887
2021-02-11,-0.27905,-0.17034213286713284,4.761170729839604,9.284621529920697,-0.17034213286713284
2021-02-12,-0.13019333333333333,-0.3197332983682984,4.609094531191032,9.310314378861877,-0.3197332983682984
2021-02-13,-0.13019333333333333,-0.46791895104895104,4.413956165875791,9.330996330977658,-0.46791895104895104
