,High,Low,Open,Close,Volume,Adj Close,short-term stock,mid-term stock,long-term stock
2019-02-13,173.83999633789062,172.08999633789062,172.42999267578125,173.6999969482422,1195900.0,167.49069213867188,1.7213508286210661,12.659768399705923,14.554031413898752
2019-02-14,176.07000732421875,173.07000732421875,173.61000061035156,175.7899932861328,1832500.0,169.50595092773438,0.4096053360497526,10.95628109825577,14.563629257030183
2019-02-15,178.14999389648438,175.97999572753906,177.27999877929688,177.82000732421875,2744400.0,171.4634246826172,-0.6692250539221807,9.149670993938166,14.131406821395018
2019-02-16,,,,,,,,,
2019-02-17,,,,,,,,,
2019-02-18,,,,,,,,,
2019-02-19,178.32000732421875,176.72000122070312,177.97000122070312,177.60000610351562,1961700.0,171.2512664794922,-2.0157669126498927,,12.140301768055114
2019-02-20,177.3300018310547,175.52999877929688,177.3300018310547,176.69000244140625,1612000.0,170.37379455566406,-1.9752065649394923,8.953522228104367,12.672367321931247
2019-02-21,176.75,174.5800018310547,176.32000732421875,176.50999450683594,1407600.0,170.20025634765625,-0.20397617265679324,10.543287380121862,14.21011589848671
2019-02-22,177.4499969482422,175.19000244140625,177.14999389648438,176.6300048828125,1312600.0,170.31594848632812,0.7303374913746192,9.998301353201528,15.412227354198137
2019-02-23,,,,,,,,,
2019-02-24,,,,,,,,,
2019-02-25,177.52999877929688,174.07000732421875,177.24000549316406,174.22999572753906,1946500.0,168.00172424316406,3.1338052186521157,,
2019-02-26,175.32000732421875,173.4199981689453,174.83999633789062,174.02000427246094,1853700.0,167.7992401123047,4.04551613724279,,
2019-02-27,176.77000427246094,171.7100067138672,174.3000030517578,173.1999969482422,1632200.0,167.00856018066406,4.878743156852402,13.290994039053006,17.48319997500245
2019-02-28,178.69000244140625,172.38999938964844,172.52000427246094,176.14999389648438,2888500.0,169.85308837890625,3.179115611815559,11.677554096072656,14.705899263099681
2019-03-01,178.19000244140625,174.27000427246094,176.1999969482422,177.9199981689453,2048000.0,171.55982971191406,2.073973537234693,11.018242346917221,15.574848943975303
2019-03-02,,,,,,,,,
2019-03-03,,,,,,,,,
2019-03-04,179.75999450683594,176.83999633789062,179.0,179.69000244140625,1678000.0,173.26657104492188,3.044121291412092,,
2019-03-05,181.91000366210938,179.42999267578125,179.42999267578125,181.05999755859375,1991500.0,174.58758544921875,2.5902893363021042,,16.122782380211735
2019-03-06,182.2899932861328,180.8800048828125,181.07000732421875,181.64999389648438,1226000.0,175.15647888183594,3.071855653623055,8.445494859986297,15.037727408745754
2019-03-07,182.97000122070312,180.80999755859375,182.00999450683594,181.75,1375900.0,175.25291442871094,3.422282685589282,6.235695395230891,17.605432996310526
2019-03-08,182.72999572753906,180.44000244140625,181.0,181.61000061035156,1276000.0,175.11793518066406,4.05263647222954,5.747809289725143,17.65737706932122
2019-03-09,,,,,,,,,
2019-03-10,,,,,,,,,
2019-03-11,185.3000030517578,182.0500030517578,182.30999755859375,185.16000366210938,1586700.0,178.541015625,2.0144751703805803,,
2019-03-12,186.77999877929688,185.08999633789062,185.52999877929688,185.75,1618300.0,179.1099090576172,2.23958687857632,,13.493680050181686
2019-03-13,187.5500030517578,185.6999969482422,185.6999969482422,187.22999572753906,1512600.0,180.5370330810547,2.3019648528209236,3.19067249565256,12.124352638151404
2019-03-14,188.0399932861328,185.77000427246094,186.67999267578125,187.97000122070312,1183800.0,181.2505645751953,3.585682190342046,3.3616459808643175,13.035098809717137
2019-03-15,189.0,187.6199951171875,188.0,188.97000122070312,2541700.0,182.21482849121094,2.476587997066732,2.7242844800680914,11.113205557934256
2019-03-16,,,,,,,,,
2019-03-17,,,,,,,,,
2019-03-18,189.47999572753906,187.5,189.11000061035156,188.88999938964844,1556200.0,182.13768005371094,3.599994135671246,,
2019-03-19,190.22000122070312,188.50999450683594,189.4199981689453,189.91000366210938,1848200.0,183.12123107910156,2.706550344457848,,13.250451023674378
2019-03-20,192.16000366210938,188.9199981689453,190.27999877929688,191.5399932861328,1537900.0,184.69293212890625,1.3313080033800295,0.9316561847634954,12.9293567864471
2019-03-21,194.75,190.8000030517578,191.16000366210938,194.7100067138672,1761300.0,187.7496337890625,0.11299246771063265,0.7640137317178626,12.013115676069296
2019-03-22,196.7899932861328,193.2100067138672,194.24000549316406,193.64999389648438,2050300.0,186.7275390625,1.760900376028325,0.07570250354324325,13.329614126427103
2019-03-23,,,,,,,,,
2019-03-24,,,,,,,,,
2019-03-25,196.30999755859375,193.52999877929688,194.10000610351562,195.69000244140625,2157600.0,188.6946258544922,-1.6250466692074448,,
2019-03-26,196.6699981689453,193.9600067138672,196.64999389648438,195.0500030517578,1948100.0,188.07749938964844,0.035867717650559836,,10.979878299641396
2019-03-27,196.0399932861328,192.6199951171875,195.0500030517578,194.08999633789062,2250600.0,187.15176391601562,0.10306413816415874,-0.5289853926294424,9.58468764171217
2019-03-28,194.99000549316406,193.1999969482422,194.0,194.92999267578125,2455300.0,187.96177673339844,-0.9644379244054133,-2.1584374355377864,6.5193282526927705
2019-03-29,197.3300018310547,194.66000366210938,195.4600067138672,197.05999755859375,3017700.0,190.015625,-0.6597116936312803,-2.303470109366006,5.39358656771647
2019-03-30,,,,,,,,,
2019-03-31,,,,,,,,,
2019-04-01,198.19000244140625,192.16000366210938,197.5399932861328,192.50999450683594,4105700.0,185.6282501220703,1.9271893338225925,,
2019-04-02,195.8000030517578,192.11000061035156,193.0,195.1199951171875,2762400.0,188.14495849609375,0.8200146176871419,,4.605828518893507
2019-04-03,195.9199981689453,192.49000549316406,195.05999755859375,194.2899932861328,2230300.0,187.3446502685547,1.664342828315029,1.7987885307642992,6.78192926610174
2019-04-04,195.05999755859375,192.64999389648438,194.94000244140625,193.0500030517578,1684000.0,186.1490020751953,2.33294733267314,3.0719144067102637,9.840533118635324
2019-04-05,195.97999572753906,192.30999755859375,193.25999450683594,195.75999450683594,1656500.0,188.76206970214844,1.58860715443114,2.8766899493489095,
2019-04-06,,,,,,,,,
2019-04-07,,,,,,,,,
2019-04-08,196.47000122070312,194.19000244140625,195.07000732421875,196.22000122070312,2166500.0,189.20565795898438,0.39303916794666227,,
2019-04-09,197.1300048828125,195.9499969482422,196.13999938964844,196.72000122070312,1708200.0,189.68777465820312,-1.8486285269420655,,7.165649697081047
2019-04-10,197.27000427246094,196.0,196.4600067138672,196.6199951171875,1304500.0,190.46270751953125,-2.771843087464642,0.8290229162186941,7.935098433252439
2019-04-11,197.19000244140625,195.44000244140625,197.1199951171875,196.64999389648438,1027100.0,190.49176025390625,-1.9018480194116214,0.7729611854084742,8.030995986244227
2019-04-12,198.05999755859375,194.8000030517578,196.63999938964844,197.9600067138672,1412300.0,191.76075744628906,,1.3689727882024627,6.164443676662954
2019-04-13,,,,,,,,,
2019-04-14,,,,,,,,,
2019-04-15,197.8300018310547,194.52000427246094,196.6999969482422,196.08999633789062,1765500.0,189.94931030273438,-1.9225822704357256,,
2019-04-16,196.1699981689453,191.0500030517578,196.1699981689453,192.1999969482422,2108300.0,186.18115234375,0.6243459856962646,,10.098513568092232
2019-04-17,194.08999633789062,189.4199981689453,194.08999633789062,191.1699981689453,2105100.0,185.18338012695312,1.0775797784112922,,9.961480459498864
2019-04-18,193.60000610351562,190.0500030517578,190.92999267578125,192.91000366210938,1325400.0,186.868896484375,-0.32139427630762396,4.997142073254379,8.672901301908114
2019-04-19,,,,,,,,,
2019-04-20,,,,,,,,,
2019-04-21,,,,,,,,,
2019-04-22,192.89999389648438,190.94000244140625,192.55999755859375,192.32000732421875,942500.0,186.29737854003906,0.062403837766402924,,
2019-04-23,194.38999938964844,192.50999450683594,193.58999633789062,193.39999389648438,1457700.0,187.34356689453125,0.9824195772710108,,7.338194268199673
2019-04-24,194.5,192.47999572753906,193.99000549316406,193.22999572753906,1324500.0,187.1788787841797,-0.16560752036670875,8.311345399082331,7.484612114416332
2019-04-25,193.30999755859375,190.80999755859375,192.42999267578125,192.2899932861328,993100.0,186.268310546875,0.2652351711437765,8.175154497971702,6.9602319271778805
2019-04-26,193.35000610351562,191.63999938964844,192.4600067138672,193.2100067138672,870000.0,187.1595001220703,-0.13457055190965692,10.123690605131308,6.778414739983947
2019-04-27,,,,,,,,,
2019-04-28,,,,,,,,,
2019-04-29,193.9199981689453,191.9600067138672,192.89999389648438,192.44000244140625,901400.0,186.41363525390625,-0.13511717139769125,,
2019-04-30,195.50999450683594,191.1199951171875,192.80999755859375,195.3000030517578,1476200.0,189.18406677246094,-2.7905771784300306,,5.712857185143818
2019-05-01,195.0500030517578,192.13999938964844,194.9499969482422,192.91000366210938,1384700.0,186.868896484375,-0.6583356741114298,8.781306546122037,8.626047634289895
2019-05-02,193.72999572753906,192.13999938964844,193.27999877929688,192.8000030517578,1412700.0,186.76235961914062,-0.14523281614567987,8.386925517036506,10.235106242347621
2019-05-03,194.52999877929688,192.27000427246094,193.33999633789062,192.9499969482422,1059100.0,186.9076385498047,1.4045104573947365,9.613901470457735,10.040134118376423
2019-05-04,,,,,,,,,
2019-05-05,,,,,,,,,
2019-05-06,193.5399932861328,190.47000122070312,192.42999267578125,192.17999267578125,1548700.0,186.16175842285156,2.4456289875566144,,
2019-05-07,192.30999755859375,188.52999877929688,191.97000122070312,189.85000610351562,1510000.0,183.9047393798828,4.329741982102956,,13.154131121477159
2019-05-08,193.50999450683594,190.1699981689453,190.1699981689453,191.63999938964844,1339000.0,185.638671875,4.607605316317191,11.714664850021569,13.695642024472104
2019-05-09,192.9199981689453,190.08999633789062,191.7100067138672,192.52000427246094,1240400.0,186.49111938476562,4.934550996319552,11.840467777384859,13.426336467656947
2019-05-10,196.22999572753906,192.3300018310547,192.50999450683594,195.66000366210938,1283100.0,189.53277587890625,3.4600949021110647,10.959285802843844,13.448791664586892
2019-05-11,,,,,,,,,
2019-05-12,,,,,,,,,
2019-05-13,197.39999389648438,194.0800018310547,194.52000427246094,196.8800048828125,1790600.0,190.71458435058594,0.6958579836208185,,
2019-05-14,200.3800048828125,196.6999969482422,197.1999969482422,198.07000732421875,1788000.0,191.86734008789062,0.050476299997343765,,12.676843999364415
2019-05-15,201.1999969482422,197.02000427246094,198.1999969482422,200.47000122070312,1285400.0,194.19216918945312,0.09976758874223693,7.485374308789056,10.766806285240227
2019-05-16,203.3800048828125,200.1999969482422,201.80999755859375,202.02000427246094,1507400.0,195.69361877441406,0.44549787496694926,4.80141211949152,8.813310152525029
2019-05-17,202.74000549316406,200.52999877929688,200.88999938964844,202.42999267578125,1421400.0,196.09078979492188,0.28156550545537057,2.1035318168865533,11.232319088482255
2019-05-18,,,,,,,,,
2019-05-19,,,,,,,,,
2019-05-20,200.9600067138672,197.38999938964844,199.7899932861328,198.25,2764800.0,192.04168701171875,,,
2019-05-21,200.02000427246094,197.99000549316406,199.47999572753906,198.1699981689453,1338100.0,191.9641876220703,2.210210749676187,,14.125176412983043
2019-05-22,201.24000549316406,198.22000122070312,198.55999755859375,200.6699981689453,998000.0,194.3859100341797,0.22923596515500294,1.2473551281371977,12.888543500316935
2019-05-23,203.85000610351562,200.1699981689453,200.1699981689453,202.9199981689453,1436800.0,196.5654296875,0.8722715654079083,1.7728459432738979,12.537618055176045
2019-05-24,205.30999755859375,202.92999267578125,204.13999938964844,203.0,1412600.0,196.64291381835938,2.842380689661594,3.9788580753445864,13.052325603952452
2019-05-25,,,,,,,,,
2019-05-26,,,,,,,,,
2019-05-27,,,,,,,,,
2019-05-28,204.75,202.47999572753906,204.14999389648438,202.5500030517578,1936300.0,196.20700073242188,2.6956387706240994,,14.076990520446126
2019-05-29,203.42999267578125,200.22999572753906,202.63999938964844,201.1300048828125,1448500.0,194.83151245117188,5.787275507699508,4.336374311801297,14.742540183724326
2019-05-30,205.02000427246094,200.52999877929688,201.33999633789062,204.69000244140625,1568600.0,198.28001403808594,3.9132311499368306,3.6796935067577543,12.918663380040094
2019-05-31,210.25,204.22000122070312,204.69000244140625,208.77000427246094,2706200.0,202.2322540283203,1.7675038572850192,1.7593097910113205,10.841783369863325
2019-06-01,,,,,,,,,
2019-06-02,,,,,,,,,
2019-06-03,209.7899932861328,206.5,208.86000061035156,209.2899932861328,1730800.0,202.7359619140625,0.26757226731727174,,
2019-06-04,209.5399932861328,206.41000366210938,209.24000549316406,208.00999450683594,2351500.0,201.49603271484375,0.46152119567044725,,
2019-06-05,212.9600067138672,208.7100067138672,209.61000061035156,212.77000427246094,2193300.0,206.10694885253906,-0.5968717205536955,-0.5454777650070239,12.265120850199057
2019-06-06,213.7100067138672,211.5,212.86000061035156,212.6999969482422,1237800.0,206.03916931152344,-1.7348314813104628,-1.1690898225969772,13.8271817419899
2019-06-07,214.52000427246094,212.02999877929688,213.5500030517578,212.4600067138672,1132200.0,205.8067169189453,-0.5789550205894253,-1.3269078480033991,11.440930580781123
2019-06-08,,,,,,,,,
2019-06-09,,,,,,,,,
2019-06-10,213.5399932861328,209.02999877929688,213.0,209.85000610351562,1976600.0,203.27842712402344,2.0204765706191727,,
2019-06-11,210.47000122070312,207.47000122070312,209.83999633789062,208.97000122070312,1715600.0,202.4259796142578,3.0364485233852765,,7.655039438982815
2019-06-12,212.36000061035156,209.52000427246094,209.52999877929688,211.5,2974400.0,204.8767547607422,2.6491339747816363,-1.8477220526732983,2.668148180918421
2019-06-13,212.64999389648438,208.52999877929688,212.10000610351562,209.00999450683594,2586500.0,202.46473693847656,4.520719354506373,-0.6303542713096333,2.204649744523383
2019-06-14,211.9499969482422,208.17999267578125,209.0,211.22999572753906,1568100.0,204.6151885986328,2.3096557027056837,-2.63038715147236,4.0545991431103285
2019-06-15,,,,,,,,,
2019-06-16,,,,,,,,,
2019-06-17,214.69000244140625,211.3000030517578,211.72000122070312,214.08999633789062,1780900.0,207.3856201171875,0.6473736287474918,,
2019-06-18,215.9600067138672,213.3300018310547,214.3000030517578,214.38999938964844,1696600.0,208.57254028320312,-1.6698575829558981,,1.1101242884451765
2019-06-19,217.0399932861328,213.19000244140625,213.50999450683594,216.1699981689453,1421300.0,210.30421447753906,-4.797142346557377,-4.903530905901884,2.3731403678157883
2019-06-20,218.7899932861328,215.89999389648438,216.16000366210938,217.52000427246094,1839900.0,211.6175994873047,-5.365015616965872,-4.077781337385085,1.880287449947078
2019-06-21,217.92999267578125,214.24000549316406,217.4600067138672,215.17999267578125,2420400.0,209.34109497070312,-4.986523441514622,-1.6544336047887884,5.525600358850088
2019-06-22,,,,,,,,,
2019-06-23,,,,,,,,,
2019-06-24,216.0,213.97000122070312,215.80999755859375,214.5500030517578,1064000.0,208.72817993164062,-5.709620657918111,,
2019-06-25,215.41000366210938,210.69000244140625,215.0399932861328,210.80999755859375,1542400.0,205.0896759033203,-2.4571904692570516,,6.911441074338298
2019-06-26,210.86000061035156,205.22999572753906,210.86000061035156,205.8000030517578,2434100.0,200.2156219482422,2.1234278748093467,3.9358507151446753,9.40720114445707
2019-06-27,208.1999969482422,205.5500030517578,206.92999267578125,205.85000610351562,2044600.0,200.2642822265625,,5.392273393617443,7.8649276316391
2019-06-28,206.8800048828125,203.6199951171875,206.05999755859375,204.4499969482422,2965500.0,198.90225219726562,2.2450418702874924,6.348742771336018,9.541790427163006
2019-06-29,,,,,,,,,
2019-06-30,,,,,,,,,
2019-07-01,205.5,199.47999572753906,205.0,202.3000030517578,3039800.0,196.8105926513672,3.2871927114672546,,
2019-07-02,206.22999572753906,202.67999267578125,202.9199981689453,205.6300048828125,3224300.0,200.05023193359375,2.7622456884150495,,7.9998904694042
2019-07-03,211.88999938964844,206.39999389648438,206.41000366210938,210.1699981689453,1408700.0,204.46705627441406,0.647091821889226,5.733445482980425,5.552228429457924
2019-07-04,,,,,,,,,
2019-07-05,210.27000427246094,206.2100067138672,209.0,209.0399932861328,1735500.0,203.36769104003906,-0.028699184155349246,4.707243936687724,7.56891649512808
2019-07-06,,,,,,,,,
2019-07-07,,,,,,,,,
2019-07-08,210.39999389648438,208.30999755859375,208.88999938964844,208.9499969482422,1227600.0,203.28013610839844,0.8375364158098303,,
2019-07-09,211.63999938964844,208.80999755859375,209.47000122070312,211.30999755859375,1483200.0,205.57611083984375,-0.946474023346285,,7.069232776718676
2019-07-10,212.42999267578125,210.0399932861328,211.8800048828125,211.52999877929688,1858600.0,205.79014587402344,-1.3189622963070997,6.457705660770199,7.347184399877123
2019-07-11,211.63999938964844,208.08999633789062,211.63999938964844,209.25999450683594,1398200.0,203.5817413330078,-0.28672007272109673,7.789343568132144,8.73724219721385
2019-07-12,209.52000427246094,207.4199981689453,209.52000427246094,208.97999572753906,1263300.0,203.309326171875,-1.6365332540783304,8.804675444758663,8.74356053100852
2019-07-13,,,,,,,,,
2019-07-14,,,,,,,,,
2019-07-15,211.35000610351562,208.97999572753906,210.3300018310547,210.6999969482422,1640300.0,204.98268127441406,-1.8984430626009352,,
2019-07-16,211.58999633789062,209.02000427246094,211.17999267578125,209.30999755859375,1430600.0,203.63038635253906,-1.199179835087295,,8.26502809528666
2019-07-17,211.5399932861328,207.82000732421875,210.07000732421875,208.74000549316406,1395000.0,203.0758514404297,-1.8923148397009222,10.218443029221538,7.872668108772412
2019-07-18,209.41000366210938,205.00999450683594,208.64999389648438,208.66000366210938,1279400.0,202.99803161621094,-1.5527659679702135,10.126499594585828,6.835891034352228
2019-07-19,209.42999267578125,205.2899932861328,209.14999389648438,205.55999755859375,1847200.0,199.9821014404297,-0.47186687468292254,11.957590198768857,10.372029601342955
2019-07-20,,,,,,,,,
2019-07-21,,,,,,,,,
2019-07-22,207.16000366210938,204.67999267578125,205.9499969482422,206.6999969482422,1259200.0,201.09120178222656,-0.5466770541250879,,
2019-07-23,207.74000549316406,205.47999572753906,206.52000427246094,206.8000030517578,1165300.0,201.18849182128906,0.8945863012377088,,11.40507280610696
2019-07-24,207.2899932861328,204.5800018310547,206.82000732421875,204.7899932861328,1932400.0,199.23301696777344,3.335124207940072,,11.194043625092718
2019-07-25,207.02999877929688,203.8300018310547,207.02999877929688,205.4199981689453,1058800.0,199.845947265625,2.91598050988982,15.782290497196938,10.501008467215348
2019-07-26,206.0800018310547,203.64999389648438,205.5,204.58999633789062,1336800.0,199.0384521484375,5.317956263113124,17.830789568745733,9.6975632971752
2019-07-27,,,,,,,,,
2019-07-28,,,,,,,,,
2019-07-29,207.0,204.14999389648438,204.6699981689453,205.57000732421875,1875400.0,199.99188232421875,4.0521282754701655,,
2019-07-30,209.0,205.58999633789062,206.5399932861328,208.64999389648438,2080100.0,202.98829650878906,3.977955115676183,,1.440467634430353
2019-07-31,213.67999267578125,209.35000610351562,209.6199951171875,211.6199951171875,2845100.0,205.877685546875,2.7454937594497646,5.850115620645697,2.584269662921348
2019-08-01,213.86000061035156,208.5,210.11000061035156,211.41000366210938,1691400.0,205.6734161376953,4.545666659717592,2.2704703972019313,3.1992030870509587
2019-08-02,216.6999969482422,210.9199981689453,211.74000549316406,215.47000122070312,1802200.0,209.62322998046875,3.1373208710405427,-1.2855706576886603,1.646194300309189
2019-08-03,,,,,,,,,
2019-08-04,,,,,,,,,
2019-08-05,216.1999969482422,211.32000732421875,214.6300048828125,213.89999389648438,2268700.0,208.09580993652344,3.8896763671061403,,
2019-08-06,217.02999877929688,213.13999938964844,214.0399932861328,216.9499969482422,1988200.0,211.06307983398438,1.9128802803307927,,-2.292262346707653
2019-08-07,219.00999450683594,211.5399932861328,216.02999877929688,217.42999267578125,1827800.0,211.53004455566406,0.666883890183197,-0.30354545856535964,-4.845149616965017
2019-08-08,221.3699951171875,216.0,217.5399932861328,221.02000427246094,1389700.0,215.02264404296875,1.4387735666693444,0.12667719010108344,-5.495587339065114
2019-08-09,224.7100067138672,219.47999572753906,221.6199951171875,222.22999572753906,1251300.0,216.1997833251953,0.31499338444021185,-0.27898486463527894,-7.045029493885504
2019-08-10,,,,,,,,,
2019-08-11,,,,,,,,,
2019-08-12,222.97000122070312,220.42999267578125,222.00999450683594,222.22000122070312,883800.0,216.1900634765625,1.3365111469095086,,
2019-08-13,223.58999633789062,219.3699951171875,222.67999267578125,221.10000610351562,2468800.0,215.1004638671875,2.017177769971449,,-5.81594832992169
2019-08-14,221.6199951171875,218.4600067138672,221.07000732421875,218.8800048828125,2092700.0,212.94070434570312,3.883404147619518,2.9696641028106776,-5.135983636876704
2019-08-15,224.57000732421875,218.85000610351562,219.25,224.1999969482422,1773200.0,218.1163330078125,1.9223934958912787,0.4282004959679518,-5.787810840442375
2019-08-16,225.42999267578125,221.92999267578125,225.10000610351562,222.92999267578125,1681900.0,216.88079833984375,1.6328068385689662,-0.399240159003764,-4.584366975058923
2019-08-17,,,,,,,,,
2019-08-18,,,,,,,,,
2019-08-19,225.69000244140625,222.8300018310547,224.0399932861328,225.19000244140625,1415900.0,219.0794677734375,2.1670555898231405,,
2019-08-20,227.38999938964844,223.52999877929688,225.50999450683594,225.55999755859375,1620700.0,219.43942260742188,1.8753256860249736,,-4.570417090890025
2019-08-21,227.47999572753906,224.7899932861328,225.5500030517578,227.3800048828125,1279500.0,221.21005249023438,1.213818757828224,-2.3308258644311306,-4.7865791115015
2019-08-22,228.77999877929688,224.99000549316406,227.77999877929688,228.50999450683594,1073000.0,222.30938720703125,0.831476227906577,-2.9192887384596125,-4.233397312754491
2019-08-23,231.63999938964844,225.57000732421875,228.94000244140625,226.57000732421875,1497100.0,220.4220428466797,1.5977414266330203,-2.4869754268762785,-5.3460162448317226
2019-08-24,,,,,,,,,
2019-08-25,,,,,,,,,
2019-08-26,230.14999389648438,226.11000061035156,227.57000732421875,230.07000732421875,968500.0,223.82704162597656,,,
2019-08-27,231.77000427246094,229.02999877929688,230.77999877929688,229.7899932861328,1584000.0,223.55462646484375,3.503210319983597,,-8.346258612795577
2019-08-28,231.52999877929688,228.5800018310547,229.5500030517578,230.13999938964844,1143700.0,223.8951416015625,4.749293814188488,-1.6911385061955164,-6.268820035885852
2019-08-29,231.5,229.1300048828125,231.0,230.41000366210938,986200.0,224.1578369140625,2.3176007092519146,-1.4489386543927167,-6.326359349583756
2019-08-30,231.6699981689453,229.07000732421875,231.49000549316406,230.19000244140625,1426200.0,223.94381713867188,1.0426139085232313,-1.1496838934827398,
2019-08-31,,,,,,,,,
2019-09-01,,,,,,,,,
2019-09-02,,,,,,,,,
2019-09-03,237.89999389648438,230.19000244140625,230.60000610351562,237.83999633789062,1843100.0,231.38621520996094,-9.094338236549984,,-11.507526941709207
2019-09-04,242.0,237.97000122070312,238.22999572753906,241.07000732421875,1796100.0,234.52857971191406,-11.768375735561301,-5.9984521861163245,-12.009975234327246
2019-09-05,242.0,234.58999633789062,242.0,235.75,2059100.0,229.35292053222656,-7.16860557600347,-4.486352855220053,-9.108466288019331
2019-09-06,236.55999755859375,231.66000366210938,235.9499969482422,232.58999633789062,2307600.0,226.2786865234375,-7.403590165482083,-4.1559065100408645,-7.800207695523757
2019-09-07,,,,,,,,,
2019-09-08,,,,,,,,,
2019-09-09,233.17999267578125,223.74000549316406,232.77999877929688,224.0,2994000.0,217.92176818847656,-3.2276782328964417,,
2019-09-10,222.99000549316406,213.5,222.8300018310547,216.2100067138672,4266100.0,210.34317016601562,2.354180797313031,,-1.2239563875357724
2019-09-11,217.8699951171875,212.5,215.9499969482422,212.6999969482422,3019700.0,206.92837524414062,4.189006654102443,8.31486282467305,-0.845150206566382
2019-09-12,219.35000610351562,214.6699981689453,216.02000427246094,218.85000610351562,2334500.0,212.91151428222656,3.755988965818936,4.050383817700228,-2.9156757769396053
2019-09-13,219.25,213.9199981689453,218.2899932861328,215.3699951171875,1908800.0,209.52593994140625,4.7313868005020865,5.3959176468223555,-2.2189649893835277
2019-09-14,,,,,,,,,
2019-09-15,,,,,,,,,
2019-09-16,217.5,215.02999877929688,215.52000427246094,216.77000427246094,1422100.0,210.88795471191406,3.9719543500994483,,
2019-09-17,221.39999389648438,217.52000427246094,218.39999389648438,221.3000030517578,1853300.0,215.29502868652344,1.74424814354791,,-2.157067098052209
2019-09-18,222.60000610351562,218.47000122070312,221.9499969482422,221.61000061035156,1318300.0,215.59661865234375,0.1940218014429549,-4.491880017042551,-3.9571133541977193
2019-09-19,229.36000061035156,220.0,220.5399932861328,227.07000732421875,2281100.0,220.908447265625,-1.3704134207004326,-4.395634150088248,-3.603948096958471
2019-09-20,228.47999572753906,224.72999572753906,228.25,225.55999755859375,2787400.0,219.43942260742188,-2.5000309432145427,-3.274751685918446,-0.17584785450876014
2019-09-21,,,,,,,,,
2019-09-22,,,,,,,,,
2019-09-23,226.50999450683594,224.9499969482422,225.83999633789062,225.3800048828125,1267000.0,219.2643280029297,-1.4641217110411506,,
2019-09-24,227.27000427246094,223.10000610351562,226.10000610351562,225.16000366210938,1728600.0,219.05030822753906,-1.4749004244382415,,1.2370015744986254
2019-09-25,225.6199951171875,220.86000061035156,225.4600067138672,222.0399932861328,1709400.0,216.01492309570312,-0.49752224274010837,-4.532077056647308,2.7093216425177693
2019-09-26,224.07000732421875,221.5500030517578,221.63999938964844,223.0,1350400.0,217.88108825683594,0.4035841307425457,-7.618830517845894,
2019-09-27,223.08999633789062,216.86000061035156,223.08999633789062,218.97999572753906,1832400.0,213.953369140625,3.173806673794692,-5.023282569923307,4.524639329128787
2019-09-28,,,,,,,,,
2019-09-29,,,,,,,,,
2019-09-30,221.77999877929688,218.8699951171875,219.32000732421875,221.1300048828125,1703000.0,216.0540313720703,1.876721878604738,,
2019-10-01,222.8699951171875,218.22000122070312,220.6999969482422,220.88999938964844,1545400.0,215.8195343017578,2.3586340703010173,,4.066466868623466
2019-10-02,222.0,218.5,220.75,219.99000549316406,1270100.0,214.94020080566406,2.9910506795919245,-5.745723102575896,4.935106902646901
2019-10-03,225.52000427246094,220.27000427246094,220.4199981689453,223.89999389648438,1604700.0,218.7604217529297,1.0629794911417099,-7.659665767876713,
2019-10-04,227.39999389648438,223.66000366210938,223.97000122070312,225.92999267578125,1621900.0,220.74383544921875,-0.6550644557544281,-6.909213648920401,1.5893777336979047
2019-10-05,,,,,,,,,
2019-10-06,,,,,,,,,
2019-10-07,226.61000061035156,222.97000122070312,225.19000244140625,225.27999877929688,1005800.0,220.1087646484375,0.15979842840037692,,
2019-10-08,228.1199951171875,223.63999938964844,225.22000122070312,226.10000610351562,1962200.0,220.90992736816406,-0.8359009288379052,,1.535204188166329
2019-10-09,227.35000610351562,225.3300018310547,226.57000732421875,226.57000732421875,1038800.0,221.36917114257812,-2.0302805761098455,-5.402308437272749,-0.8344907686634293
2019-10-10,227.67999267578125,224.11000061035156,226.14999389648438,226.27999877929688,1888900.0,221.08580017089844,-0.16350935763411878,-4.7330682647254525,0.1537847919802218
2019-10-11,227.05999755859375,224.35000610351562,226.1699981689453,224.4499969482422,1352200.0,219.29782104492188,2.0672698714477735,-2.9182567484804722,1.3507606717607732
2019-10-12,,,,,,,,,
2019-10-13,,,,,,,,,
2019-10-14,226.60000610351562,224.50999450683594,224.99000549316406,225.63999938964844,766100.0,220.4604949951172,1.666371472122388,,
2019-10-15,226.4600067138672,221.83999633789062,225.74000549316406,224.2100067138672,993200.0,219.06333923339844,1.1283990182867942,,5.464389561966032
2019-10-16,223.5500030517578,220.5500030517578,223.5500030517578,221.97000122070312,1508400.0,216.874755859375,1.8245697772984706,-5.523269230985715,5.867993367247577
2019-10-17,227.14999389648438,223.4600067138672,224.10000610351562,225.91000366210938,1197100.0,220.72430419921875,-1.080067814288839,-4.9223152534864605,4.657420872499237
2019-10-18,229.60000610351562,225.85000610351562,225.9499969482422,229.08999633789062,1544400.0,223.831298828125,-5.4214504484556825,-6.18970280744274,1.8279218335691139
2019-10-19,,,,,,,,,
2019-10-20,,,,,,,,,
2019-10-21,229.58999633789062,226.6999969482422,229.24000549316406,229.39999389648438,1272400.0,224.13418579101562,-8.129910439599865,,
2019-10-22,231.2100067138672,226.42999267578125,229.16000366210938,226.74000549316406,1341000.0,221.53524780273438,-4.666132269277325,,
2019-10-23,227.36000061035156,223.8699951171875,226.25,226.02000427246094,1151500.0,220.831787109375,-3.8846131735149974,-7.278120221950257,5.206443533471085
2019-10-24,226.72999572753906,223.35000610351562,226.0,223.47000122070312,1097900.0,218.34033203125,-2.411966830738817,-5.486195128823847,5.701253295792791
2019-10-25,223.1999969482422,215.1999969482422,223.19000244140625,216.6699981689453,2409800.0,211.69639587402344,-0.5307582997657083,-1.527663603204184,10.256408962691014
2019-10-26,,,,,,,,,
2019-10-27,,,,,,,,,
2019-10-28,219.0,210.02999877929688,218.77999877929688,210.75,3431400.0,205.9122772216797,0.15185257998585663,,
2019-10-29,216.82000732421875,210.5500030517578,211.00999450683594,216.16000366210938,2044000.0,211.1981201171875,-4.695601788299757,,10.349235753279368
2019-10-30,217.41000366210938,214.60000610351562,216.17999267578125,217.24000549316406,1520700.0,212.25332641601562,-4.26256668291849,-2.112883219649648,9.666551978924295
2019-10-31,219.5,214.0500030517578,218.5,218.0800018310547,2021200.0,213.07403564453125,-5.681401201086793,-3.7050577126071147,7.5215231716941116
2019-11-01,219.75999450683594,212.35000610351562,219.14999389648438,215.52000427246094,2112200.0,210.5727996826172,-4.477547588607879,-1.8374143547810782,9.618967226249609
2019-11-02,,,,,,,,,
2019-11-03,,,,,,,,,
2019-11-04,215.47999572753906,211.0,214.75999450683594,211.07000732421875,1640000.0,206.22496032714844,-1.7624579925400803,,
2019-11-05,210.72999572753906,202.91000366210938,210.64999389648438,206.00999450683594,3449700.0,201.28109741210938,0.35920273261831903,,14.1283198942807
2019-11-06,208.8800048828125,205.8699951171875,206.30999755859375,207.97999572753906,2206100.0,203.2058868408203,1.1251078578159344,3.6638129602987872,14.679693730734177
2019-11-07,207.1999969482422,203.52999877929688,206.7100067138672,205.69000244140625,2117400.0,200.96844482421875,2.9704871461341216,3.033695785209983,15.433940024909898
2019-11-08,208.55999755859375,204.25999450683594,204.88999938964844,205.8699951171875,1819400.0,201.14430236816406,3.6430812384555438,5.867786945616712,16.030724174649848
2019-11-09,,,,,,,,,
2019-11-10,,,,,,,,,
2019-11-11,208.58999633789062,205.5800018310547,205.6999969482422,207.35000610351562,1347200.0,202.59033203125,3.366297706703944,,
2019-11-12,208.77000427246094,206.35000610351562,207.44000244140625,206.75,1475400.0,202.0041046142578,4.2660290133180085,,18.39357524367678
2019-11-13,211.08999633789062,207.55999755859375,207.77999877929688,210.32000732421875,1664900.0,205.49217224121094,3.6040182265938525,7.916501913732951,21.436853495565312
2019-11-14,211.91000366210938,210.0,210.39999389648438,211.8000030517578,1362800.0,206.9381866455078,0.8215293711405207,7.214364711849762,21.494103223434532
2019-11-15,213.42999267578125,210.1999969482422,212.2100067138672,213.3699951171875,1546600.0,208.47215270996094,-1.527861330095647,,20.939092025423587
2019-11-16,,,,,,,,,
2019-11-17,,,,,,,,,
2019-11-18,215.6699981689453,212.97999572753906,212.97999572753906,214.3300018310547,1353700.0,209.41012573242188,-2.1555531364184906,,
2019-11-19,216.60000610351562,213.86000061035156,214.6699981689453,215.57000732421875,1526400.0,210.6216583251953,-0.3618337381761073,,
2019-11-20,219.3300018310547,215.63999938964844,215.72000122070312,217.89999389648438,1297800.0,212.8981475830078,-1.3721777176308205,5.494466114406938,16.59478345554447
2019-11-21,218.89999389648438,213.30999755859375,217.52000427246094,213.5399932861328,1361400.0,208.63824462890625,,8.10469091769692,16.703402451899745
2019-11-22,214.08999633789062,209.7899932861328,213.49000549316406,210.11000061035156,1779800.0,205.2869873046875,1.8656966030429722,,18.340829666928503
2019-11-23,,,,,,,,,
2019-11-24,,,,,,,,,
2019-11-25,211.69000244140625,208.82000732421875,210.49000549316406,209.7100067138672,1441100.0,204.89617919921875,-0.06676310143016766,,
2019-11-26,215.02000427246094,209.58999633789062,209.58999633789062,214.7899932861328,1877600.0,209.85955810546875,-1.6667350136214028,,14.625942933492015
2019-11-27,215.50999450683594,212.74000549316406,214.8000030517578,214.91000366210938,1117000.0,209.976806640625,-0.721231825501561,6.821962584223286,15.043354281362456
2019-11-28,,,,,,,,,
2019-11-29,215.8000030517578,213.67999267578125,214.91000366210938,214.02999877929688,654300.0,209.1170196533203,-0.8550355706618165,5.8860712895940095,9.316742812115528
2019-11-30,,,,,,,,,
2019-12-01,,,,,,,,,
2019-12-02,214.63999938964844,209.4600067138672,214.14999389648438,209.57000732421875,1189400.0,204.75938415527344,1.4696651663437317,,
2019-12-03,212.5,209.25,209.25999450683594,211.2100067138672,1520000.0,206.36175537109375,-0.5728947767707543,,14.495319622919755
2019-12-04,213.7100067138672,210.02000427246094,210.11000061035156,213.36000061035156,1276400.0,208.46238708496094,-0.8436448778933889,10.827577438419311,14.236069048340733
2019-12-05,214.1300048828125,211.9600067138672,213.22000122070312,213.52999877929688,868200.0,208.62847900390625,-1.7983385256843647,10.05254567576969,18.383519071175243
2019-12-06,214.0,211.88999938964844,213.75999450683594,212.1999969482422,1206000.0,207.32899475097656,0.15080758340396805,11.419227344989476,16.891266267785724
2019-12-07,,,,,,,,,
2019-12-08,,,,,,,,,
2019-12-09,213.99000549316406,211.8300018310547,212.05999755859375,212.64999389648438,938500.0,207.76866149902344,1.3872683874292973,,
2019-12-10,214.0800018310547,209.1999969482422,213.35000610351562,210.0,1414800.0,205.1795196533203,0.9190470931596691,,10.902786531510277
2019-12-11,212.3000030517578,210.0,210.6699981689453,211.55999755859375,1441000.0,206.70370483398438,3.0204183594120826,,15.787255987398696
2019-12-12,211.86000061035156,208.61000061035156,211.64999389648438,209.69000244140625,1836000.0,204.8766326904297,6.919730285596823,13.39959387180634,11.564934148469534
2019-12-13,212.83999633789062,208.25,209.11000061035156,212.52000427246094,1988600.0,207.64166259765625,7.16168219821217,11.147476147126353,2.9565173555210595
2019-12-14,,,,,,,,,
2019-12-15,,,,,,,,,
2019-12-16,216.8000030517578,212.52000427246094,213.0,215.60000610351562,1827300.0,210.65097045898438,5.273649348051049,,
2019-12-17,217.08999633789062,211.02999877929688,216.30999755859375,211.92999267578125,2439900.0,207.06521606445312,7.1485913351774695,,-3.904209111918991
2019-12-18,218.91000366210938,212.42999267578125,212.8000030517578,217.9499969482422,2143300.0,212.947021484375,,9.442954332051945,4.861907281442646
2019-12-19,224.9499969482422,217.44000244140625,217.52000427246094,224.1999969482422,2958000.0,219.0535430908203,2.0910158636596137,6.262104349760757,-2.7162712901245505
2019-12-20,228.27999877929688,224.5,226.8000030517578,227.74000549316406,3333100.0,222.51229858398438,1.0377803193210304,2.96080264611866,-7.818678825112125
2019-12-21,,,,,,,,,
2019-12-22,,,,,,,,,
2019-12-23,229.97999572753906,226.39999389648438,227.11000061035156,226.97000122070312,1096400.0,221.7599639892578,1.2787701259889297,,
2019-12-24,228.0399932861328,226.25999450683594,227.13999938964844,227.0800018310547,491900.0,221.86746215820312,1.658768391806885,,-20.781178883030385
2019-12-25,,,,,,,,,
2019-12-26,227.8699951171875,225.57000732421875,226.69000244140625,227.8699951171875,1035300.0,223.6339874267578,0.2764791696986854,4.204146853213175,-12.555419843932317
2019-12-27,229.2899932861328,227.5500030517578,228.52000427246094,229.0800018310547,749400.0,224.8214874267578,-0.20516630320781987,3.186664550006139,-3.003318673038457
2019-12-28,,,,,,,,,
2019-12-29,,,,,,,,,
2019-12-30,229.0,227.22999572753906,228.55999755859375,228.85000610351562,1259800.0,224.59576416015625,-0.13108810669777,,
2019-12-31,229.86000061035156,227.49000549316406,228.97000122070312,229.82000732421875,1199100.0,225.5477294921875,-2.6716578619647158,,0.33069724471731415
2020-01-01,,,,,,,,,
2020-01-02,231.14999389648438,228.00999450683594,229.67999267578125,228.5,1426000.0,224.25228881835938,-0.8884096850168999,11.27789574158591,-9.422323451998892
2020-01-03,229.8300018310547,227.0,227.55999755859375,228.61000061035156,1598900.0,224.3602294921875,0.9579647859391858,12.059831040844763,-3.438175171480974
2020-01-04,,,,,,,,,
2020-01-05,,,,,,,,,
2020-01-06,230.0,227.88999938964844,228.47999572753906,228.5500030517578,1526800.0,224.3013458251953,3.001527978621225,,
2020-01-07,227.57000732421875,221.6199951171875,227.1300048828125,223.67999267578125,1463800.0,219.52186584472656,4.591381484904166,,5.141268758360654
2020-01-08,226.49000549316406,222.52000427246094,223.47999572753906,225.6199951171875,1433900.0,221.42579650878906,4.325858890837324,,0.9529361167432882
2020-01-09,227.13999938964844,225.36000061035156,225.5,226.47000122070312,1376700.0,222.260009765625,2.547804371156125,11.683669238128818,10.058724297735992
2020-01-10,231.02000427246094,227.44000244140625,228.08999633789062,230.8000030517578,1578900.0,226.509521484375,1.1351725026218416,7.495671132150513,12.478321978307427
2020-01-11,,,,,,,,,
2020-01-12,,,,,,,,,
2020-01-13,235.4199981689453,231.14999389648438,231.25,235.41000366210938,1840600.0,231.0338134765625,,,
2020-01-14,235.94000244140625,232.83999633789062,235.1300048828125,233.9499969482422,1217100.0,229.6009521484375,1.188286562060215,,7.2038464748887625
2020-01-15,236.74000549316406,234.5,234.5,235.3800048828125,1152100.0,231.00436401367188,-0.09345996876168745,4.133745845691508,8.830708717069216
2020-01-16,235.14999389648438,231.94000244140625,235.0,232.24000549316406,1782900.0,227.92276000976562,2.406992607557026,5.98518619286442,7.011667422946793
2020-01-17,234.41000366210938,232.58999633789062,232.88999938964844,233.4199981689453,2352900.0,229.08079528808594,1.7564997999405716,3.9628152567911137,8.316270942878386
2020-01-18,,,,,,,,,
2020-01-19,,,,,,,,,
2020-01-20,,,,,,,,,
2020-01-21,237.9199981689453,233.0,233.9199981689453,236.72999572753906,1827100.0,232.3292694091797,0.19009018233433478,,5.486790922670016
2020-01-22,238.1699981689453,234.25999450683594,237.91000366210938,235.16000366210938,1294000.0,230.78846740722656,-0.7314138430711157,2.377104907367315,3.3385690520823434
2020-01-23,238.49000549316406,235.00999450683594,235.16000366210938,237.8300018310547,1485400.0,233.40884399414062,-1.1058345855656802,2.0266551922828757,6.814458194267227
2020-01-24,239.99000549316406,236.72000122070312,238.0,237.52000427246094,1284800.0,233.10459899902344,-2.4334768215973783,5.953179941562151,5.102115025434414
2020-01-25,,,,,,,,,
2020-01-26,,,,,,,,,
2020-01-27,238.16000366210938,235.67999267578125,236.32000732421875,237.47000122070312,1197200.0,233.05551147460938,-1.4317519084984043,,
2020-01-28,237.6699981689453,236.3300018310547,237.11000061035156,237.17999267578125,1051800.0,232.77090454101562,0.11383902613682684,,5.938665897863201
2020-01-29,237.86000061035156,232.86000061035156,237.42999267578125,233.44000244140625,1434400.0,229.10044860839844,1.2594237490631448,-0.676840194036003,4.758128686021025
2020-01-30,235.25999450683594,231.30999755859375,232.4199981689453,235.1999969482422,1271400.0,230.82772827148438,1.1096857476893447,3.6862207343091002,1.105144357378728
2020-01-31,234.94000244140625,230.85000610351562,234.36000061035156,231.74000549316406,1700900.0,227.4320526123047,3.0249338694491987,0.5005572966953946,3.1303482518971673
2020-02-01,,,,,,,,,
2020-02-02,,,,,,,,,
2020-02-03,235.0399932861328,232.11000061035156,232.97999572753906,234.07000732421875,1560200.0,229.71873474121094,4.109872388606806,,
2020-02-04,238.22000122070312,233.02000427246094,234.4199981689453,237.4499969482422,1105700.0,233.035888671875,7.083603976888786,,0.07098500285485299
2020-02-05,237.97999572753906,235.1999969482422,237.5,236.3800048828125,1338700.0,231.9857940673828,8.376331879515801,-14.227094020483943,2.0660350062002495
2020-02-06,238.57000732421875,236.35000610351562,237.17999267578125,237.80999755859375,1257100.0,233.38919067382812,8.027423157585872,-4.322771940363223,0.18551990226600243
2020-02-07,239.52000427246094,237.80999755859375,238.44000244140625,238.75,1237500.0,234.3117218017578,7.329843545649988,-9.05130441141889,-1.0543341356549845
2020-02-08,,,,,,,,,
2020-02-09,,,,,,,,,
2020-02-10,243.8800048828125,238.7899932861328,239.67999267578125,243.69000244140625,1576800.0,239.15988159179688,,,
2020-02-11,258.6199951171875,246.5500030517578,246.5500030517578,254.27000427246094,3231900.0,249.54322814941406,-0.527000473582562,,-5.916853088207733
2020-02-12,256.6600036621094,252.0800018310547,254.27999877929688,256.17999267578125,1625400.0,251.41769409179688,-3.154019776766396,-30.092116786460565,-9.181855092975564
2020-02-13,257.42999267578125,254.42999267578125,255.6199951171875,256.8999938964844,1146600.0,252.12432861328125,-3.6434423798751094,-25.936155301448505,-9.647471860811633
2020-02-14,258.32000732421875,255.25999450683594,257.0,256.25,1600700.0,251.4864044189453,-3.605855881410168,-22.24001061074072,-10.017854658456772
2020-02-15,,,,,,,,,
2020-02-16,,,,,,,,,
2020-02-17,,,,,,,,,
2020-02-18,255.60000610351562,252.67999267578125,255.3000030517578,252.92999267578125,1998500.0,248.22813415527344,-2.6845355808215685,,-6.291846650691219
2020-02-19,252.38999938964844,247.85000610351562,251.24000549316406,248.10000610351562,2618500.0,243.48793029785156,-2.188644955498215,-7.061672690583733,-6.92031352569134
2020-02-20,248.52999877929688,244.72000122070312,247.97999572753906,247.5399932861328,2150300.0,242.93832397460938,-5.90207802097404,-12.034421261806424,-6.6407720621164
2020-02-21,248.63999938964844,246.8000030517578,247.94000244140625,247.00999450683594,2570200.0,242.4181671142578,-8.181849482193654,-16.209863627239606,-7.245386308919359
2020-02-22,,,,,,,,,
2020-02-23,,,,,,,,,
2020-02-24,248.77000427246094,243.61000061035156,244.82000732421875,245.11000061035156,2329800.0,240.55349731445312,-1.7787918158005809,,
2020-02-25,253.99000549316406,244.16000366210938,247.9199981689453,246.13999938964844,2268600.0,241.56436157226562,-1.4178933927907504,,
2020-02-26,248.36000061035156,240.0,246.13999938964844,242.6699981689453,2024600.0,238.15884399414062,3.7046246477282323,-3.086498456110074,0.939154322231874
2020-02-27,244.88999938964844,232.89999389648438,239.99000549316406,232.92999267578125,3168700.0,228.59991455078125,6.01468849230559,-2.2152552704250916,8.643279548862987
2020-02-28,228.7100067138672,218.02999877929688,226.6999969482422,226.8000030517578,5188100.0,222.58387756347656,8.606703782623423,9.898584771626359,14.284961182215408
2020-02-29,,,,,,,,,
2020-03-01,,,,,,,,,
2020-03-02,240.8800048828125,228.0800018310547,229.02999877929688,240.75,2718500.0,236.27455139160156,-3.6926307351828016,,
2020-03-03,246.83999633789062,238.83999633789062,240.75,242.64999389648438,3502600.0,238.1392364501953,0.5027778786960184,,9.381481393912214
2020-03-04,251.97000122070312,245.32000732421875,245.5800018310547,251.66000366210938,2350400.0,246.9817352294922,-7.45450057904282,-0.3403826532424699,5.178085399317133
2020-03-05,250.88999938964844,243.52999877929688,248.5500030517578,246.94000244140625,1969400.0,242.3494873046875,-11.788291047268283,3.7360092317285765,8.73372497326637
2020-03-06,247.5800018310547,237.89999389648438,243.1699981689453,246.32000732421875,2693600.0,241.7410125732422,-2.9758048781842583,0.8947316496219498,5.880567747786541
2020-03-07,,,,,,,,,
2020-03-08,,,,,,,,,
2020-03-09,239.61000061035156,225.0,231.42999267578125,231.86000061035156,3209200.0,227.5498046875,-12.554986674448845,,
2020-03-10,244.2100067138672,229.85000610351562,236.74000549316406,243.8699951171875,2658300.0,239.3365478515625,-6.70028868051075,,9.892548115543608
2020-03-11,239.19000244140625,228.67999267578125,237.3699951171875,232.89999389648438,3360600.0,228.5704803466797,-6.766851840787417,7.221496976386878,14.585768173305086
2020-03-12,231.72000122070312,204.13999938964844,216.2899932861328,217.8300018310547,4734500.0,213.78062438964844,-4.05361702121585,11.55992290543968,22.31947191525223
2020-03-13,241.55999755859375,220.02000427246094,225.52999877929688,238.99000549316406,4220300.0,234.54727172851562,-18.243446060805564,6.296010289312087,5.6783588104837
2020-03-14,,,,,,,,,
2020-03-15,,,,,,,,,
2020-03-16,229.80999755859375,201.3699951171875,206.64999389648438,202.75,4093100.0,198.98095703125,-11.669543364260772,,
2020-03-17,234.89999389648438,203.6300048828125,210.1699981689453,227.52999877929688,4527100.0,223.30030822753906,-16.375856050709675,,15.846944648665328
2020-03-18,235.83999633789062,206.1699981689453,210.0,217.13999938964844,4210000.0,213.10345458984375,-8.234335399215292,15.71581105700809,22.44917423435917
2020-03-19,219.77999877929688,201.52000427246094,217.57000732421875,209.0,3847800.0,205.11477661132812,6.315783444060072,17.00831443666095,26.829059270805917
2020-03-20,210.0,192.3699951171875,207.0,195.38999938964844,3940900.0,191.7577667236328,11.817399757794936,21.704957182826785,32.94365250933852
2020-03-21,,,,,,,,,
2020-03-22,,,,,,,,,
2020-03-23,196.27000427246094,174.32000732421875,196.0,179.08999633789062,3890100.0,175.7607879638672,28.750907549220788,,
2020-03-24,193.85000610351562,179.25,187.7899932861328,190.27000427246094,4221400.0,186.73297119140625,14.442618942791032,,40.2308532332625
2020-03-25,208.5399932861328,186.02999877929688,188.89999389648438,199.25999450683594,3201500.0,195.55580139160156,3.8693362057967633,19.25051956761675,33.85349266090015
2020-03-26,226.2899932861328,198.0,198.14999389648438,222.1999969482422,3413500.0,218.0693817138672,-0.6525675065310279,8.579526351346386,15.351006672196801
2020-03-27,222.0399932861328,211.72999572753906,216.19000244140625,218.47999572753906,3367100.0,214.41854858398438,1.977293982536745,9.04941555496126,17.39813326573743
2020-03-28,,,,,,,,,
2020-03-29,,,,,,,,,
2020-03-30,231.97000122070312,221.33999633789062,222.67999267578125,230.5800018310547,2581600.0,226.29360961914062,1.9949592653673427,,
2020-03-31,230.0,215.9199981689453,228.4600067138672,217.75,4629900.0,213.7021026611328,4.601611360824255,,17.532383194476388
2020-04-01,213.39999389648438,202.02999877929688,205.80999755859375,206.97000122070312,3772000.0,203.1225128173828,20.428074652656882,15.58449070552772,25.96341887299251
2020-04-02,221.08999633789062,205.58999633789062,207.0,220.75,3993100.0,216.64633178710938,17.59908731668542,5.394300405954755,21.229395355755905
2020-04-03,223.75,216.82000732421875,219.16000366210938,222.8000030517578,2858000.0,218.65823364257812,,4.181169472182318,19.579893518388644
2020-04-04,,,,,,,,,
2020-04-05,,,,,,,,,
2020-04-06,236.22000122070312,227.0,228.02000427246094,235.17999267578125,3050300.0,230.80807495117188,6.643171950619843,,
2020-04-07,243.8800048828125,227.02999877929688,241.11000061035156,227.77000427246094,2226100.0,223.5358428955078,12.466834520563468,,17.74981578051891
2020-04-08,249.64999389648438,228.0,229.63999938964844,249.25,3329400.0,244.6165313720703,-0.2913071513285758,-4.908307175469019,7.602311968251388
2020-04-09,260.42999267578125,248.1999969482422,248.5,259.6000061035156,4331900.0,254.77410888671875,-2.607146390738004,-11.043628760254313,2.818994403503985
2020-04-10,,,,,,,,,
2020-04-11,,,,,,,,,
2020-04-12,,,,,,,,,
2020-04-13,257.3500061035156,246.75999450683594,256.70001220703125,249.75999450683594,1830900.0,246.14105224609375,-0.432419363837556,,
2020-04-14,257.6600036621094,252.52000427246094,255.0800018310547,255.10000610351562,2011800.0,251.4036865234375,-5.135241629153498,,0.7451812309692795
2020-04-15,252.97999572753906,243.2100067138672,252.92999267578125,247.49000549316406,1909700.0,243.90394592285156,2.218269223370231,,5.064265739117466
2020-04-16,252.72000122070312,247.5500030517578,249.58999633789062,251.77999877929688,1640700.0,248.13177490234375,-1.2630027468452603,-3.1177997393116677,2.60805787192425
2020-04-17,257.7699890136719,248.0800018310547,256.55999755859375,254.05999755859375,2328100.0,250.37875366210938,-3.7195966901219353,-0.8069013119893677,1.7702306722566679
2020-04-18,,,,,,,,,
2020-04-19,,,,,,,,,
2020-04-20,253.0,248.50999450683594,252.02999877929688,248.67999267578125,1281800.0,245.07669067382812,0.619275619863989,,
2020-04-21,245.8699951171875,239.10000610351562,245.2100067138672,242.0,1925500.0,238.49349975585938,0.6322365259940717,,8.107519493074495
2020-04-22,255.11000061035156,245.55999755859375,246.22999572753906,252.97999572753906,2041400.0,249.31439208984375,-6.391802763780651,4.478615304128731,2.8914133902863983
2020-04-23,254.80999755859375,248.13999938964844,252.19000244140625,248.60000610351562,1419200.0,244.99786376953125,-4.263872228637198,6.029765485937502,4.635560886836097
2020-04-24,251.49000549316406,243.77000427246094,250.27999877929688,244.61000061035156,1776500.0,241.065673828125,-4.255751186190064,9.312794648599105,5.8743246185709
2020-04-25,,,,,,,,,
2020-04-26,,,,,,,,,
2020-04-27,252.2899932861328,245.24000549316406,247.0,250.22000122070312,1557500.0,246.59439086914062,-5.431219103497907,,
2020-04-28,255.8000030517578,242.72000122070312,255.25,243.52999877929688,2091900.0,240.0013427734375,-1.342759567080059,,7.337605431284716
2020-04-29,251.02000427246094,235.6699981689453,251.02000427246094,236.80999755859375,3505800.0,233.3787078857422,0.19001998534525702,12.69795491996022,13.135596517148057
2020-04-30,239.08999633789062,232.7100067138672,234.11000061035156,238.0,3410300.0,234.5514678955078,-1.1554711572959553,11.663867667345517,14.4643762687794
2020-05-01,235.89999389648438,232.58999633789062,233.24000549316406,234.1999969482422,1896800.0,230.8065185546875,1.7762566725566926,13.296336883391765,12.548412892757277
2020-05-02,,,,,,,,,
2020-05-03,,,,,,,,,
2020-05-04,237.5,228.11000061035156,237.38999938964844,236.6300048828125,1642700.0,233.20130920410156,0.6761594733417954,,
2020-05-05,243.5500030517578,237.67999267578125,237.67999267578125,240.25999450683594,1421200.0,236.77870178222656,-3.5669661065237896,,7.239516033770584
2020-05-06,242.24000549316406,236.7899932861328,240.86000061035156,237.25999450683594,1441400.0,233.82217407226562,-2.5752344233827573,10.63389753304833,10.114939078307755
2020-05-07,239.6699981689453,235.02999877929688,239.17999267578125,235.25,2548900.0,231.84129333496094,-2.393202400086719,12.55260728430676,8.972702360301149
2020-05-08,240.25,236.67999267578125,237.64999389648438,238.36000061035156,1879700.0,234.90623474121094,-3.6834999316328254,10.744247332624653,7.643567006164089
2020-05-09,,,,,,,,,
2020-05-10,,,,,,,,,
2020-05-11,242.92999267578125,234.47999572753906,236.0800018310547,238.22999572753906,2040700.0,234.7781219482422,-0.9234767362048311,,
2020-05-12,240.25,230.74000549316406,239.36000061035156,231.69000244140625,1852500.0,228.3328857421875,-0.7423738427578036,,9.832281744536095
2020-05-13,237.0800018310547,229.38999938964844,231.25999450683594,231.14999389648438,2200600.0,227.8007049560547,-0.4369439191669825,14.950144170996507,6.9566332222463885
2020-05-14,231.0,224.75999450683594,229.3800048828125,229.6199951171875,2112500.0,226.29286193847656,-0.635825408863148,15.672349548010702,9.899659002844778
2020-05-15,229.97000122070312,223.8300018310547,228.35000610351562,229.5800018310547,2246800.0,226.2534637451172,5.597168605587888,11.178508778171087,9.669479793524935
2020-05-16,,,,,,,,,
2020-05-17,,,,,,,,,
2020-05-18,238.13999938964844,232.07000732421875,236.07000732421875,236.02999877929688,1792800.0,232.61000061035156,,,
2020-05-19,236.85000610351562,229.66000366210938,235.0800018310547,229.97000122070312,1542800.0,226.63780212402344,6.0703557916331015,,9.562103382260814
2020-05-20,232.66000366210938,228.9199981689453,231.97999572753906,230.13999938964844,1346600.0,226.8053436279297,9.502906872112764,10.742176606903362,10.196755027191692
2020-05-21,230.47999572753906,227.1199951171875,229.38999938964844,228.16000366210938,1263200.0,224.85403442382812,13.131124697459304,13.78940222314905,7.931353850025047
2020-05-22,242.60000610351562,227.41000366210938,228.5399932861328,242.42999267578125,2812700.0,238.91725158691406,6.492608962974786,9.928871331584798,2.5930979178845197
2020-05-23,,,,,,,,,
2020-05-24,,,,,,,,,
2020-05-25,,,,,,,,,
2020-05-26,248.67999267578125,240.13999938964844,248.58999633789062,243.92999267578125,2833600.0,240.39552307128906,8.059691412537614,,1.0400861058584876
2020-05-27,252.94000244140625,241.8300018310547,245.61000061035156,252.00999450683594,2311000.0,248.3584442138672,6.102945617214696,5.981112921705935,-1.8129724972059273
2020-05-28,259.4700012207031,253.52000427246094,255.6199951171875,258.1199951171875,2190900.0,254.37989807128906,0.6198833054276575,3.4724226279570662,-3.9193053391206942
2020-05-29,258.9700012207031,254.08999633789062,257.1600036621094,258.1700134277344,2138600.0,254.42921447753906,2.602938071123101,2.9583718582513314,-3.548964323661967
2020-05-30,,,,,,,,,
2020-05-31,,,,,,,,,
2020-06-01,266.7799987792969,255.52000427246094,258.0299987792969,264.30999755859375,2035000.0,260.480224609375,0.9723603395546275,,
2020-06-02,265.5899963378906,259.739990234375,264.510009765625,263.5899963378906,1809800.0,259.7706604003906,0.8232570679727191,,-5.082666983076574
2020-06-03,269.25,263.6000061035156,264.92999267578125,267.3900146484375,1802200.0,263.515625,-0.7666696005040023,-3.8853579899199526,-6.852208716276312
2020-06-04,266.9100036621094,256.510009765625,264.0899963378906,259.7200012207031,1997600.0,255.95675659179688,-3.1611000631796746,0.11686868702525076,-0.8265341757448949
2020-06-05,265.9100036621094,260.5799865722656,263.7300109863281,264.8900146484375,2336800.0,261.0518493652344,-2.57088754729139,-2.470257992994509,-4.34677472809387
2020-06-06,,,,,,,,,
2020-06-07,,,,,,,,,
2020-06-08,269.1199951171875,264.29998779296875,265.0,266.8800048828125,2095800.0,263.0130310058594,-1.6449552011385857,,
2020-06-09,267.0799865722656,264.3500061035156,266.70001220703125,265.760009765625,2691000.0,261.90924072265625,-0.3687614495140081,,
2020-06-10,269.0299987792969,263.2300109863281,266.510009765625,265.3399963378906,1603500.0,261.4953308105469,-0.5163339646636314,-1.4019080420680947,-6.594266164014313
2020-06-11,263.5899963378906,251.07000732421875,262.82000732421875,251.50999450683594,2548900.0,247.86570739746094,2.849959249887667,3.4927761892036426,0.781784087258121
2020-06-12,259.0,253.9600067138672,256.7200012207031,258.0799865722656,1436500.0,254.3404998779297,3.3444783347998754,0.7920048278008183,-3.3557931180080893
2020-06-13,,,,,,,,,
2020-06-14,,,,,,,,,
2020-06-15,263.0799865722656,252.0,252.11000061035156,262.489990234375,1532400.0,258.68658447265625,1.225674034600022,,
2020-06-16,268.79998779296875,261.0,268.5799865722656,264.7799987792969,1837500.0,260.94342041015625,0.3122707030646058,,-3.7078125800382993
2020-06-17,268.3999938964844,263.7799987792969,267.1499938964844,263.9700012207031,1380100.0,260.1451416015625,-3.3058140151442275,-0.973859150329711,0.33477874665256446
2020-06-18,262.0299987792969,256.5400085449219,260.510009765625,257.6000061035156,1776100.0,254.92977905273438,-1.257760333674147,3.571420448267495,2.208848249825613
2020-06-19,265.8699951171875,256.4200134277344,261.510009765625,265.6000061035156,6193100.0,262.84686279296875,-7.198803524825246,2.142316595700018,-5.598646273536898
2020-06-20,,,,,,,,,
2020-06-21,,,,,,,,,
2020-06-22,266.8399963378906,261.1199951171875,264.1600036621094,264.6000061035156,2034300.0,261.85723876953125,-4.081638004516733,,
2020-06-23,266.82000732421875,262.010009765625,266.1300048828125,264.5,1941400.0,261.7582702636719,-2.2533036347706354,,-8.89603307336404
2020-06-24,263.17999267578125,250.27000427246094,262.25,254.17999267578125,3475300.0,251.54522705078125,4.410264971124522,0.9442066698582031,-4.815481313376282
2020-06-25,255.94000244140625,250.5800018310547,254.27999877929688,254.36000061035156,2648700.0,251.72337341308594,3.8724689780403554,2.2841625869714166,-7.332128140346972
2020-06-26,258.0899963378906,244.02000427246094,254.07000732421875,246.47999572753906,3268800.0,243.92503356933594,,3.5743313579848106,-4.178827666005812
2020-06-27,,,,,,,,,
2020-06-28,,,,,,,,,
2020-06-29,254.4600067138672,247.5,250.0399932861328,253.8000030517578,1638200.0,251.16917419433594,4.795122274533595,,
2020-06-30,259.1199951171875,253.1199951171875,254.25,258.5400085449219,1980300.0,255.8600616455078,2.873829358163101,,-6.7208013814371315
2020-07-01,266.7099914550781,258.1499938964844,259.32000732421875,265.3900146484375,1207200.0,262.6390380859375,-0.2599999349302987,-4.514111759071064,-9.082998263103761
2020-07-02,268.6300048828125,262.5299987792969,268.04998779296875,264.2099914550781,1175700.0,261.4712829589844,0.5260921269890105,-6.816549136771231,-8.064633408618294
2020-07-03,,,,,,,,,
2020-07-04,,,,,,,,,
2020-07-05,,,,,,,,,
2020-07-06,268.95001220703125,264.57000732421875,268.0,265.9700012207031,1504600.0,263.2130432128906,-3.7748674922159102,,
2020-07-07,269.7300109863281,262.5899963378906,264.0199890136719,265.9700012207031,1289800.0,263.2130432128906,-2.643164349072721,,-8.068508104090858
2020-07-08,269.3699951171875,261.5299987792969,266.8299865722656,264.70001220703125,1389000.0,261.9561767578125,-2.8069510169179543,-5.209662875795978,-8.508133945650984
2020-07-09,266.9700012207031,260.4100036621094,262.9800109863281,265.6000061035156,1143400.0,262.84686279296875,-3.0572279049981157,-4.913406136747782,-8.530626964044675
2020-07-10,267.6000061035156,263.1000061035156,266.5,264.3500061035156,911400.0,261.6098327636719,-1.9822265119427616,-7.232843285644411,-7.417697500277343
2020-07-11,,,,,,,,,
2020-07-12,,,,,,,,,
2020-07-13,264.69000244140625,254.50999450683594,262.739990234375,255.92999267578125,1791700.0,253.277099609375,1.7973623102630267,,
2020-07-14,259.82000732421875,253.75,256.2300109863281,258.94000244140625,1877500.0,256.2558898925781,0.10427542335690884,,-4.389041410419183
2020-07-15,262.3399963378906,256.3800048828125,262.30999755859375,257.2699890136719,1301000.0,254.6031951904297,0.6880093253644218,-4.598273668880641,-5.319017660358361
2020-07-16,257.75,253.14999389648438,257.20001220703125,257.4800109863281,1475200.0,254.81103515625,0.16310867236558954,-4.299366871513626,-6.922178036726817
2020-07-17,261.010009765625,254.75,258.5,259.1099853515625,1291900.0,256.42413330078125,-1.0729061068209889,-4.685268894779724,-7.081113658234816
2020-07-18,,,,,,,,,
2020-07-19,,,,,,,,,
2020-07-20,262.1499938964844,257.1099853515625,260.17999267578125,260.5299987792969,1422200.0,257.82940673828125,-0.08444048531855275,,
2020-07-21,263.0,257.9800109863281,263.0,259.2099914550781,1161900.0,256.5231018066406,2.9281150317479145,,-7.116962450342022
2020-07-22,260.79998779296875,257.0199890136719,258.0799865722656,259.0400085449219,1355700.0,256.3548889160156,4.728985622667551,-3.81795180302651,-5.4267814110482835
2020-07-23,260.3900146484375,254.0,259.1400146484375,257.8999938964844,1324900.0,255.22665405273438,1.7797590343582237,-3.8270570579655057,-5.811353386182697
2020-07-24,260.42999267578125,255.85000610351562,259.75,256.3299865722656,1391300.0,253.67294311523438,1.9740254115710891,0.06632296142308647,-7.574784763162786
2020-07-25,,,,,,,,,
2020-07-26,,,,,,,,,
2020-07-27,260.94000244140625,254.52999877929688,254.57000732421875,260.30999755859375,1417500.0,257.6116943359375,-1.4329164998305972,,
2020-07-28,268.70001220703125,260.57000732421875,260.57000732421875,266.79998779296875,1553800.0,264.0343933105469,-2.484997767536971,,-10.693359211334325
2020-07-29,272.20001220703125,267.9700012207031,268.1400146484375,271.2900085449219,1452700.0,268.4778747558594,-5.897749390365403,,-12.527020512571607
2020-07-30,268.0,257.5299987792969,268.0,262.489990234375,1959900.0,259.7690734863281,-2.6591399808719647,-5.973552042835897,-11.902849503995071
2020-07-31,264.4700012207031,257.0899963378906,261.95001220703125,261.3900146484375,1781200.0,258.6805114746094,-1.4461313548619392,-3.431657595054907,-10.947799684372326
2020-08-01,,,,,,,,,
2020-08-02,,,,,,,,,
2020-08-03,261.760009765625,256.1199951171875,259.0,256.5799865722656,1504600.0,253.9203338623047,-1.235472335278518,,
2020-08-04,262.3999938964844,255.94000244140625,256.2799987792969,260.1700134277344,1782900.0,257.47314453125,-5.369561970775926,,-9.819542295256065
2020-08-05,260.3699951171875,254.22000122070312,260.260009765625,255.2899932861328,1071400.0,252.6437225341797,-1.5629277768741796,-0.5444802186158954,-7.8044258412579035
2020-08-06,255.5399932861328,252.0,254.6999969482422,255.50999450683594,1127600.0,252.8614501953125,-1.8707689478001062,3.224928926288511,-6.766913708862575
2020-08-07,258.7099914550781,254.17999267578125,254.44000244140625,257.6099853515625,1023300.0,254.9396514892578,-2.9074874047783283,2.204890252862074,-6.415242051206851
2020-08-08,,,,,,,,,
2020-08-09,,,,,,,,,
2020-08-10,257.7099914550781,251.94000244140625,257.2099914550781,253.41000366210938,1282400.0,250.78321838378906,-0.986539423701223,,
2020-08-11,254.1999969482422,245.1999969482422,253.9499969482422,246.1999969482422,2111800.0,243.64796447753906,2.5791984111938886,,-2.869922574384948
2020-08-12,252.9499969482422,247.0,247.00999450683594,251.3000030517578,1381000.0,248.69508361816406,-2.4154398192076916,-4.110622333455492,-7.080334664316264
2020-08-13,253.0,250.17999267578125,250.89999389648438,250.72999572753906,960900.0,248.13099670410156,-1.2164489245250427,-3.5057623481898643,-4.4364260570341765
2020-08-14,253.24000549316406,248.7100067138672,250.8300018310547,250.1199951171875,737000.0,247.52731323242188,-0.3118490687001254,-5.761230924765518,-4.380133091274477
2020-08-15,,,,,,,,,
2020-08-16,,,,,,,,,
2020-08-17,251.9499969482422,249.4199981689453,250.08999633789062,250.91000366210938,1435000.0,248.30914306640625,-2.1800645331449497,,
2020-08-18,254.77999877929688,251.33999633789062,252.1699981689453,252.5500030517578,1896100.0,249.93212890625,-2.431202025549905,,-4.8704628795708205
2020-08-19,253.5800018310547,244.86000061035156,253.22999572753906,245.22999572753906,1496500.0,242.68800354003906,0.709540471458901,-1.658008798726875,-1.9940142602224324
2020-08-20,248.9600067138672,243.38999938964844,245.0,247.67999267578125,1017400.0,245.11260986328125,0.1170900850987008,-2.5821074845770275,-3.5639111786201187
2020-08-21,249.97999572753906,245.44000244140625,249.69000244140625,249.33999633789062,1139600.0,246.75540161132812,0.10026366362956936,-2.581835716744205,-3.911748435289495
2020-08-22,,,,,,,,,
2020-08-23,,,,,,,,,
2020-08-24,248.3800048828125,242.17999267578125,248.25,245.44000244140625,1201400.0,242.89584350585938,1.5115694256629206,,
2020-08-25,247.17999267578125,243.52000427246094,246.3000030517578,246.41000366210938,1060800.0,243.85577392578125,0.6574420705357976,,-6.651404275938952
2020-08-26,247.10000610351562,243.75,245.64999389648438,246.97000122070312,1479400.0,244.40997314453125,3.858767814408753,-0.9959886754937616,-7.208915513959225
2020-08-27,249.10000610351562,246.0399932861328,247.39999389648438,247.97000122070312,1398200.0,245.3996124267578,1.7542412070156468,-2.335381873562141,-5.581280880986916
2020-08-28,249.72999572753906,245.41000366210938,248.77000427246094,249.58999633789062,1062900.0,247.0028076171875,0.15625563703917128,-2.6633017815638365,
2020-08-29,,,,,,,,,
2020-08-30,,,,,,,,,
2020-08-31,250.1199951171875,247.49000549316406,249.0,249.14999389648438,1307500.0,246.5673828125,,,
2020-09-01,249.75,246.6300048828125,248.44000244140625,248.02999877929688,1085000.0,245.458984375,-0.4918751243286254,,-6.33335612691466
2020-09-02,257.2900085449219,247.02999877929688,247.7100067138672,256.5,2034000.0,253.8411865234375,-1.5906419770066078,-3.479527446215785,-7.612539655594438
2020-09-03,256.760009765625,249.24000549316406,255.55999755859375,252.32000732421875,2094600.0,249.7045135498047,-1.5615074824461406,-3.461574303368208,-8.841859289865004
2020-09-04,256.2200012207031,246.8300018310547,251.3000030517578,249.97999572753906,1885100.0,247.38876342773438,-0.07600751748456627,-4.129614312580068,-9.065834734997567
2020-09-05,,,,,,,,,
2020-09-06,,,,,,,,,
2020-09-07,,,,,,,,,
2020-09-08,249.6300048828125,243.10000610351562,248.72000122070312,246.80999755859375,1451200.0,244.2516326904297,6.863585463484571,,-8.691797948120463
2020-09-09,255.2899932861328,249.4600067138672,250.6199951171875,252.4199981689453,2202100.0,249.80348205566406,4.306308651679991,-4.618443660638755,-10.983847715742861
2020-09-10,251.9199981689453,247.5399932861328,251.9199981689453,248.3800048828125,1256800.0,245.80535888671875,0.9461298272405038,-1.3678666095560894,-11.222985765809387
2020-09-11,252.55999755859375,248.22999572753906,249.77999877929688,249.7899932861328,1219400.0,247.2007293701172,-1.717435837197349,-2.7533082679245338,-11.736177796959572
2020-09-12,,,,,,,,,
2020-09-13,,,,,,,,,
2020-09-14,255.69000244140625,250.92999267578125,251.11000061035156,253.89999389648438,1333900.0,251.26812744140625,-5.092551770474816,,
2020-09-15,265.2200012207031,255.57000732421875,255.61000061035156,263.75,2426700.0,261.01605224609375,-8.269199695918635,,-17.432743277367617
2020-09-16,268.6600036621094,262.79998779296875,265.0,263.2900085449219,2326100.0,260.560791015625,-10.475136260525815,-9.502789627990259,-17.086207914307426
2020-09-17,260.3999938964844,248.94000244140625,259.6199951171875,250.72999572753906,2341500.0,248.13099670410156,-5.803051659461208,-5.3541881373522875,-11.982925574022541
2020-09-18,251.25999450683594,243.80999755859375,248.6699981689453,245.5,3270500.0,242.95521545410156,-1.8439406385240638,-5.806034588065189,-8.843093337004492
2020-09-19,,,,,,,,,
2020-09-20,,,,,,,,,
2020-09-21,244.4199981689453,238.2899932861328,243.3800048828125,240.97000122070312,2848900.0,238.47216796875,0.0805322989162372,,
2020-09-22,244.85000610351562,240.1999969482422,241.99000549316406,241.94000244140625,1702200.0,239.43211364746094,-0.27088046762871665,,-8.718693008275922
2020-09-23,242.22999572753906,235.07000732421875,242.22999572753906,235.7100067138672,2550300.0,233.26669311523438,3.0513955118232925,-0.4613744447539229,-6.003375597862967
2020-09-24,240.1300048828125,235.10000610351562,236.3000030517578,236.17999267578125,2246600.0,233.73182678222656,3.0250134989579807,-0.3446241048596314,-7.505107277137932
2020-09-25,240.6699981689453,234.97000122070312,235.0,239.80999755859375,2861500.0,238.4752655029297,1.455321182835569,-1.1425635440917568,-8.313345019088262
2020-09-26,,,,,,,,,
2020-09-27,,,,,,,,,
2020-09-28,244.4199981689453,238.41000366210938,243.07000732421875,240.0,2593500.0,238.66421508789062,1.3874984991462875,,
2020-09-29,242.0,239.1199951171875,241.2100067138672,240.1199951171875,3098400.0,238.78353881835938,0.37065182397914026,,-7.418238117165672
2020-09-30,243.5800018310547,239.69000244140625,241.92999267578125,241.72999572753906,3345600.0,240.38458251953125,0.016554689763336492,-1.551316618344069,-8.280309237542278
2020-10-01,245.0,239.9499969482422,242.19000244140625,242.14999389648438,2500800.0,240.80224609375,0.5822871951058778,-4.034682751950166,-8.49753276300128
2020-10-02,243.91000366210938,238.99000549316406,240.07000732421875,243.3000030517578,2138100.0,241.9458465576172,0.5671990127750327,-1.9934204763157393,-7.227170911398931
2020-10-03,,,,,,,,,
2020-10-04,,,,,,,,,
2020-10-05,243.63999938964844,237.88999938964844,243.25,243.3300018310547,2130300.0,241.97567749023438,1.2534463421195379,,
2020-10-06,244.41000366210938,240.16000366210938,243.91000366210938,241.00999450683594,1913500.0,239.66859436035156,0.5808904240366396,,-8.373474342934557
2020-10-07,243.50999450683594,241.19000244140625,241.19000244140625,241.77000427246094,2048000.0,240.42437744140625,-1.3525316486224184,-1.1084982837506818,-8.199821888836395
2020-10-08,246.5399932861328,242.86000061035156,243.75999450683594,243.55999755859375,2501100.0,242.20440673828125,-1.6258819633810844,-1.7983308624876742,-11.277419645856375
2020-10-09,246.38999938964844,243.14999389648438,244.27000427246094,244.67999267578125,1538700.0,243.3181610107422,-0.8010423113515099,-2.8527039748091365,-10.610864763852275
2020-10-10,,,,,,,,,
2020-10-11,,,,,,,,,
2020-10-12,247.77999877929688,244.3300018310547,245.25,246.3800048828125,1430400.0,245.0087127685547,-2.751846543642851,,
2020-10-13,246.5500030517578,241.4199981689453,245.14999389648438,242.41000366210938,1622100.0,241.06080627441406,0.5734085125477579,,-10.844072294237286
2020-10-14,243.27999877929688,238.0800018310547,242.8800048828125,238.5,2049300.0,237.1725616455078,1.3584917168065733,-4.020963060644426,-9.386649884345971
2020-10-15,242.14999389648438,237.5,238.5500030517578,239.60000610351562,1790900.0,238.26644897460938,-1.5984983698398274,-4.816366026834403,-9.15212458765689
2020-10-16,244.0800018310547,239.16000366210938,239.6999969482422,242.72000122070312,1480000.0,241.36907958984375,-2.0599854700524025,-4.0046176709551,-10.928936772475332
2020-10-17,,,,,,,,,
2020-10-18,,,,,,,,,
2020-10-19,245.6999969482422,239.16000366210938,243.66000366210938,239.60000610351562,1323600.0,238.26644897460938,-1.035060451372812,,
2020-10-20,245.72999572753906,240.6300048828125,241.67999267578125,243.8000030517578,1407300.0,242.4430694580078,-3.1337143031210326,,
2020-10-21,245.9600067138672,241.30999755859375,243.36000061035156,241.74000549316406,1100500.0,240.39453125,-4.80267981914496,-4.360056964056483,-9.78163947612161
2020-10-22,241.61000061035156,235.13999938964844,241.3300018310547,235.77000427246094,1836600.0,234.457763671875,-1.7474688625579093,0.025446743285443992,-4.98075419200928
2020-10-23,239.3699951171875,235.66000366210938,236.63999938964844,237.72000122070312,1057200.0,236.39691162109375,-3.394757001255058,-3.7102514324988567,-6.005541517228844
2020-10-24,,,,,,,,,
2020-10-25,,,,,,,,,
2020-10-26,237.88999938964844,233.39999389648438,235.55999755859375,237.1199951171875,1657600.0,235.8002471923828,-1.5308664983542462,,
2020-10-27,240.97999572753906,236.02999877929688,238.92999267578125,236.16000366210938,1433200.0,234.84559631347656,-0.8172457892327002,,-3.1235849944782097
2020-10-28,237.32000732421875,229.25,233.82000732421875,230.1300048828125,2449000.0,228.84915161132812,3.015690640623481,-2.5463836235814474,1.5035413723746418
2020-10-29,236.3699951171875,230.6699981689453,233.47000122070312,231.64999389648438,1693300.0,230.36068725585938,3.5700399247051617,-3.4707481354803678,-0.5646318010073315
2020-10-30,232.5,226.5,230.0,229.64999389648438,1621300.0,228.37181091308594,5.443068972025998,-4.445886918015645,-0.027066980922488947
2020-10-31,,,,,,,,,
2020-11-01,,,,,,,,,
2020-11-02,233.60000610351562,229.27000427246094,232.5800018310547,233.49000549316406,1551200.0,232.19046020507812,1.9229887110551382,,
2020-11-03,237.22999572753906,233.5,235.5399932861328,234.22999572753906,1268800.0,232.92633056640625,-0.7898167449063416,,1.1349840747432371
2020-11-04,243.24000549316406,234.6999969482422,234.6999969482422,237.07000732421875,2434000.0,235.7505340576172,0.5821044938925176,-8.583963634779657,0.16944175353153595
2020-11-05,242.7899932861328,237.82000732421875,240.27999877929688,239.9199981689453,1877400.0,238.58465576171875,-0.7960982570604899,-9.448982865311613,-2.6299504396425557
2020-11-06,243.58999633789062,238.66000366210938,239.91000366210938,242.14999389648438,1181400.0,240.80224609375,0.38818935118814674,-9.304149946366618,-3.5723292805826876
2020-11-07,,,,,,,,,
2020-11-08,,,,,,,,,
2020-11-09,253.0800018310547,236.9499969482422,249.16000366210938,237.97999572753906,2423600.0,236.65545654296875,0.46642524829375015,,
2020-11-10,238.92999267578125,230.22000122070312,238.92999267578125,232.3800048828125,2717400.0,231.08663940429688,2.926231804113099,,0.7371061720517041
2020-11-11,241.47999572753906,233.32000732421875,234.82000732421875,238.4499969482422,1573700.0,237.1228485107422,-0.31453499958784004,-7.829732955737753,-2.3038036540731475
2020-11-12,240.3000030517578,236.4600067138672,239.60000610351562,238.00999450683594,1882600.0,236.68528747558594,0.17646368250152936,-7.3610279196464905,-2.123192306152498
2020-11-13,243.72000122070312,237.69000244140625,239.75999450683594,243.08999633789062,1476400.0,241.7370147705078,-4.29059167957132,-10.568101187711997,-5.757085839543905
2020-11-14,,,,,,,,,
2020-11-15,,,,,,,,,
2020-11-16,245.58999633789062,238.85000610351562,244.75999450683594,239.08999633789062,1433300.0,237.75927734375,-4.257809371348302,,
2020-11-17,240.8699951171875,238.30999755859375,239.0,239.17999267578125,1354200.0,237.84877014160156,-4.649217005480683,,
2020-11-18,242.30999755859375,237.2100067138672,238.30999755859375,237.6999969482422,1617400.0,236.37701416015625,-1.9772833667415395,-6.4756748410259135,
2020-11-19,238.8800048828125,233.3699951171875,237.08999633789062,238.42999267578125,1636400.0,237.1029510498047,,-7.010859733573661,
2020-11-20,238.42999267578125,232.5,238.19000244140625,232.66000366210938,1965500.0,231.3650665283203,0.6146316157481025,-4.765226814861508,
2020-11-21,,,,,,,,,
2020-11-22,,,,,,,,,
2020-11-23,233.61000061035156,228.6199951171875,233.55999755859375,228.91000366210938,2848400.0,227.6359405517578,1.0003922015767295,,
2020-11-24,231.85000610351562,227.38999938964844,231.0399932861328,228.05999755859375,2635100.0,226.79066467285156,3.4070012870255324,,
2020-11-25,233.3699951171875,228.64999389648438,229.2899932861328,233.0,2478800.0,231.7031707763672,-1.7596560899087967,-5.223564542642002,
2020-11-26,,,,,,,,,
2020-11-27,234.08999633789062,230.5800018310547,233.9600067138672,234.08999633789062,937400.0,232.787109375,-2.315347940631109,-7.68818773230302,
2020-11-28,,,,,,,,,
2020-11-29,,,,,,,,,
2020-11-30,234.13999938964844,228.75,234.0,231.1999969482422,3547200.0,229.91319274902344,-2.9974001816216007,,
2020-12-01,236.38999938964844,231.72000122070312,232.0,235.8300018310547,2471000.0,234.51742553710938,-5.181694925752801,,
2020-12-02,235.8300018310547,228.58999633789062,234.7899932861328,228.89999389648438,2755100.0,227.62599182128906,-4.132802804615216,-5.581960808025528,
2020-12-03,230.75999450683594,225.7899932861328,229.52000427246094,226.22000122070312,3702600.0,224.96090698242188,-3.010342915754541,-4.467844415784589,
2020-12-04,228.89999389648438,224.44000244140625,226.75,228.6699981689453,3298400.0,227.39727783203125,-3.8702026504176286,-4.809763433598779,
2020-12-05,,,,,,,,,
2020-12-06,,,,,,,,,
2020-12-07,228.7899932861328,223.35000610351562,227.66000366210938,224.27000427246094,2554500.0,223.0217742919922,-3.3664786187423266,,
2020-12-08,224.77000427246094,222.17999267578125,223.27000427246094,223.61000061035156,2607300.0,222.36544799804688,-2.8442438047169887,,
2020-12-09,223.0399932861328,216.22000122070312,222.72000122070312,219.44000244140625,3413500.0,218.21865844726562,0.08202121531526983,,
2020-12-10,221.92999267578125,218.47999572753906,220.2100067138672,219.41000366210938,3028100.0,218.18881225585938,1.5040398701411868,-0.5998508170584386,
2020-12-11,220.1699981689453,215.41000366210938,218.0,219.82000732421875,2893400.0,218.59654235839844,0.7733592127233788,1.913779777010142,
2020-12-12,,,,,,,,,
2020-12-13,,,,,,,,,
2020-12-14,222.42999267578125,216.39999389648438,220.97000122070312,216.72000122070312,2501500.0,215.5137939453125,1.4119600858459045,,
2020-12-15,218.36000061035156,215.5500030517578,217.0800018310547,217.25,2181200.0,216.04083251953125,1.4913777297122595,,
2020-12-16,219.8000030517578,215.67999267578125,218.27999877929688,219.6199951171875,2347600.0,218.39764404296875,-1.010835813379084,4.17236664974022,
2020-12-17,223.60000610351562,220.1300048828125,221.10000610351562,222.7100067138672,2484400.0,221.470458984375,-1.2735175159814935,4.885317144044545,
2020-12-18,223.22999572753906,219.83999633789062,222.17999267578125,221.52000427246094,4538000.0,220.28707885742188,,3.982493547363275,
2020-12-19,,,,,,,,,
2020-12-20,,,,,,,,,
2020-12-21,220.5,217.13999938964844,218.36000061035156,219.77999877929688,1963400.0,218.5567626953125,1.149927642554779,,
2020-12-22,220.85000610351562,218.27000427246094,219.2899932861328,220.49000549316406,1845600.0,219.2628173828125,0.5551230068349812,,
2020-12-23,223.60000610351562,217.3800048828125,221.27000427246094,217.39999389648438,1553400.0,216.19000244140625,1.9196049075438366,8.964339083193748,
2020-12-24,219.38999938964844,216.19000244140625,216.44000244140625,218.64999389648438,705700.0,218.64999389648438,2.657220662962127,8.003659038877009,
2020-12-25,,,,,,,,,
2020-12-26,,,,,,,,,
2020-12-27,,,,,,,,,
2020-12-28,221.4499969482422,217.42999267578125,218.8699951171875,221.07000732421875,1842500.0,221.07000732421875,-0.6649482842542443,,
2020-12-29,223.4199981689453,220.4199981689453,222.2100067138672,220.47999572753906,1283000.0,220.47999572753906,0.10432283689462873,,
2020-12-30,221.52999877929688,219.35000610351562,220.50999450683594,220.33999633789062,1361300.0,220.33999633789062,-2.473448778625119,5.65035724569504,
2020-12-31,224.6699981689453,219.60000610351562,219.75999450683594,224.4600067138672,1669300.0,224.4600067138672,-3.100778092170126,3.2076970207973226,
2021-01-01,,,,,,,,,
2021-01-02,,,,,,,,,
2021-01-03,,,,,,,,,
2021-01-04,226.2100067138672,219.27000427246094,226.07000732421875,219.60000610351562,2786400.0,219.60000610351562,-2.1311510949431565,,
2021-01-05,222.60000610351562,219.08999633789062,220.1199951171875,220.7100067138672,2481600.0,220.7100067138672,-2.6278840448213345,,
2021-01-06,219.67999267578125,214.55999755859375,219.5,214.88999938964844,3230900.0,214.88999938964844,0.73060976717299,,
2021-01-07,219.50999450683594,214.67999267578125,215.27000427246094,217.5,2933800.0,217.5,-1.1540204629130748,,
2021-01-08,223.82000732421875,218.11000061035156,218.24000549316406,222.1999969482422,2310400.0,222.1999969482422,-1.0396028759315536,,
2021-01-09,,,,,,,,,
2021-01-10,,,,,,,,,
2021-01-11,221.97000122070312,214.19000244140625,221.25999450683594,214.9199981689453,2284700.0,214.9199981689453,,,
2021-01-12,215.77999877929688,210.66000366210938,214.6199951171875,214.91000366210938,2468900.0,214.91000366210938,0.9166633414610351,,
2021-01-13,217.1699981689453,213.89999389648438,214.2899932861328,216.4600067138672,2314800.0,216.4600067138672,2.9197042730317935,,
2021-01-14,217.24000549316406,214.41000366210938,217.0,214.99000549316406,3735000.0,214.99000549316406,3.3536402952961355,,
2021-01-15,220.4600067138672,214.22000122070312,214.99000549316406,219.88999938964844,2404700.0,219.88999938964844,1.8327339990372438,,
2021-01-16,,,,,,,,,
2021-01-17,,,,,,,,,
2021-01-18,,,,,,,,,
2021-01-19,221.52000427246094,215.9600067138672,220.86000061035156,216.8800048828125,2536400.0,216.8800048828125,7.105306186085178,,
2021-01-20,223.60000610351562,216.0800018310547,217.75,222.77999877929688,2399000.0,222.77999877929688,2.8189239670112074,,
2021-01-21,223.16000366210938,218.36000061035156,220.9499969482422,222.1999969482422,1736700.0,222.1999969482422,2.749775289949615,,
2021-01-22,225.0,221.86000061035156,222.10000610351562,223.9199981689453,2113900.0,223.9199981689453,1.5362640539192947,,
2021-01-23,,,,,,,,,
2021-01-24,,,,,,,,,
2021-01-25,228.72999572753906,222.1300048828125,224.0,227.50999450683594,2401800.0,227.50999450683594,3.5427071390222533,,
2021-01-26,232.99000549316406,224.30999755859375,227.83999633789062,232.2899932861328,2838700.0,232.2899932861328,1.661716269282787,,
2021-01-27,234.13999938964844,227.6199951171875,234.13999938964844,229.05999755859375,2763100.0,229.05999755859375,1.418842239867154,,
2021-01-28,232.9600067138672,226.61000061035156,227.7100067138672,228.30999755859375,2685600.0,228.30999755859375,1.703823499297311,,
2021-01-29,228.77999877929688,225.0800018310547,226.8699951171875,227.36000061035156,2700800.0,227.36000061035156,2.4762512613030707,,
2021-01-30,,,,,,,,,
2021-01-31,,,,,,,,,
2021-02-01,235.67999267578125,225.9499969482422,229.1699981689453,235.57000732421875,2172100.0,235.57000732421875,-1.180122236129899,,
2021-02-02,237.97999572753906,234.5800018310547,236.0800018310547,236.14999389648438,2045200.0,236.14999389648438,-1.9013298117395563,,
2021-02-03,235.52999877929688,230.77000427246094,234.75,232.30999755859375,2503000.0,232.30999755859375,-0.27979592067295,,
2021-02-04,235.24000549316406,231.27999877929688,232.1300048828125,232.1999969482422,1934100.0,232.1999969482422,-1.8863004658004994,,
2021-02-05,234.97000122070312,231.6300048828125,232.63999938964844,232.99000549316406,1608900.0,232.99000549316406,-2.489378477622288,,
2021-02-06,,,,,,,,,
2021-02-07,,,,,,,,,
2021-02-08,233.3699951171875,228.8000030517578,233.02000427246094,232.7899932861328,1775200.0,232.7899932861328,,,
2021-02-09,234.74000549316406,231.05999755859375,231.25,231.66000366210938,1263200.0,231.66000366210938,,,
2021-02-10,234.1699981689453,230.47000122070312,232.4199981689453,231.66000366210938,1539000.0,231.66000366210938,,,
2021-02-11,231.60000610351562,227.08999633789062,230.7899932861328,227.82000732421875,1412200.0,227.82000732421875,,,
2021-02-12,228.5399932861328,223.5500030517578,227.82000732421875,227.19000244140625,1632200.0,227.19000244140625,,,
