,Daily average,weekly average,monthly average,long term average,mid term average,short term average
2019-02-14,0.0,,,,,
2019-02-15,0.0,,,,,
2019-02-16,0.8221,,,,,
2019-02-17,0.8221,,,,,
2019-02-18,0.4932,,,,,
2019-02-19,-0.5192,,,,,
2019-02-20,0.0,1.5489750000000002,,,,1.5489750000000002
2019-02-21,0.1909,1.1791500000000001,,,,1.1791500000000001
2019-02-22,-0.8957,0.3388000000000001,,,,0.3388000000000001
2019-02-23,0.4846,-0.1208,,,,-0.1208
2019-02-24,0.4846,-0.2537250000000001,,,,-0.2537250000000001
2019-02-25,0.0621875,-0.261028125,,,,-0.261028125
2019-02-26,0.0,0.30281874999999997,,,,0.30281874999999997
2019-02-27,-0.2411,0.43429062499999993,,,,0.43429062499999993
2019-02-28,-0.0772,0.3041625,,,,0.3041625
2019-03-01,0.0,0.19066562499999998,,,,0.19066562499999998
2019-03-02,0.4202,-0.04170625000000003,,,,-0.04170625000000003
2019-03-03,-0.4246333333333333,-0.13853645833333336,,,,-0.13853645833333336
2019-03-04,0.20626666666666668,-0.02404999999999994,,,,-0.02404999999999994
2019-03-05,0.1366,0.14013333333333342,,,,0.14013333333333342
2019-03-06,0.2549166666666667,0.15794583333333342,,,,0.15794583333333342
2019-03-07,0.0,0.3278000000000001,,,,0.3278000000000001
2019-03-08,-0.2411,0.3149458333333333,,,,0.3149458333333333
2019-03-09,0.011450000000000009,0.23665416666666667,,,,0.23665416666666667
2019-03-10,-0.10115,0.11066666666666668,,,,0.11066666666666668
2019-03-11,-0.10115,-0.14676666666666663,,,,-0.14676666666666663
2019-03-12,-0.1358,-0.26603333333333334,,,,-0.26603333333333334
2019-03-13,0.44094999999999995,-0.2466375,,,,-0.2466375
2019-03-14,-0.11624999999999999,-0.14200000000000002,,,,-0.14200000000000002
2019-03-15,0.3797857142857143,0.10815892857142852,0.5758488293650793,,,0.10815892857142852
2019-03-16,-0.1027,0.3402678571428571,0.512665376984127,,,0.3402678571428571
2019-03-17,0.0,0.3547642857142857,0.41804525793650793,,,0.3547642857142857
2019-03-18,-0.06193333333333332,0.3866148809523809,0.3490595833333333,,,0.3866148809523809
2019-03-19,0.44416666666666665,0.31432678571428574,0.36217946428571424,,,0.31432678571428574
2019-03-20,0.20095,0.3096761904761905,0.4177887896825395,,,0.3096761904761905
2019-03-21,0.09106666666666667,0.4380297619047619,0.45616422619047625,,,0.4380297619047619
2019-03-22,-0.5710000000000001,0.4255374999999999,0.44424077380952376,,,0.4255374999999999
2019-03-23,-0.5710000000000001,0.14315833333333336,0.41668732142857134,,,0.14315833333333336
2019-03-24,0.8812,-0.04507083333333334,0.3912905357142857,,,-0.04507083333333334
2019-03-25,-0.983,-0.5245833333333334,0.3547770833333333,,,-0.5245833333333334
2019-03-26,-0.36167499999999997,-0.8244979166666666,0.3192344642857144,,,-0.8244979166666666
2019-03-27,0.23412857142857146,-0.6693386904761904,0.31346321428571416,,,-0.6693386904761904
2019-03-28,0.0,-0.9045419642857143,0.29722583333333313,,,-0.9045419642857143
2019-03-29,-0.3182,-0.7050285714285713,0.24069845238095217,,,-0.7050285714285713
2019-03-30,0.0,-0.46742767857142853,0.14538535714285716,,,-0.46742767857142853
2019-03-31,0.0,-0.4896410714285714,0.029026547619047556,,,-0.4896410714285714
2019-04-01,0.0,-0.29155446428571424,-0.06647892857142862,,,-0.29155446428571424
2019-04-02,-0.4215,-0.2854928571428571,-0.17205329365079358,,,-0.2854928571428571
2019-04-03,0.29295,-0.2966125,-0.31467376984126993,,,-0.2966125
2019-04-04,-0.47995,-0.3691875,-0.49510646825396826,,,-0.3691875
2019-04-05,0.42493333333333333,-0.33552916666666666,-0.6837902777777779,,,-0.33552916666666666
2019-04-06,0.6582666666666667,-0.006104166666666633,-0.7958746428571428,,,-0.006104166666666633
2019-04-07,-0.4315,0.06897083333333331,-0.8323034523809524,,,0.06897083333333331
2019-04-08,0.74075,0.5692083333333333,-0.8867589285714288,,,0.5692083333333333
2019-04-09,0.28085,0.9271916666666666,-0.9033644047619045,,,0.9271916666666666
2019-04-10,0.0,0.8506666666666667,-0.8277065476190477,,,0.8506666666666667
2019-04-11,0.6486,1.2252791666666667,-0.7298239285714285,,,1.2252791666666667
2019-04-12,0.0639,1.1255041666666667,-0.6136282142857147,,,1.1255041666666667
2019-04-13,0.0,0.9915375,-0.46326583333333315,,,0.9915375
2019-04-14,-0.131025,0.9893812499999999,-0.2872730952380951,,0.2896732242063492,0.9893812499999999
2019-04-15,-0.1613,0.5147249999999999,-0.11178833333333325,,0.22946506944444436,0.5147249999999999
2019-04-16,0.1832875,0.23912812499999997,0.06100601190476167,,0.17304670634920635,0.23912812499999997
2019-04-17,0.24314000000000002,0.09452875,0.2740501626984126,,0.139501579365079,0.09452875
2019-04-18,0.04527,0.026759374999999995,0.5180190912698412,,0.1254255079365079,0.026759374999999995
2019-04-19,-0.10088749999999999,0.176568125,0.7941046587301588,,0.11084025595238083,0.176568125
2019-04-20,0.23861428571428572,0.3103616964285714,1.0881827857142858,,0.08838322817460315,0.3103616964285714
2019-04-21,0.4588,0.43728526785714283,1.3172969444444445,,0.08489421626984112,0.43728526785714283
2019-04-22,0.0006999999999999898,0.5089925892857143,1.508543325396825,,0.130311871031746,0.5089925892857143
2019-04-23,0.04046666666666666,0.6009353273809523,1.690885261904762,,0.15432897023809558,0.6009353273809523
2019-04-24,0.12769,0.6513152976190476,1.807332420634921,,0.17769034722222224,0.6513152976190476
2019-04-25,-0.063975,0.5170865178571428,1.8623575793650788,,0.2630894742063495,0.5170865178571428
2019-04-26,-0.1276142857142857,0.36192166666666664,1.8635048809523809,,0.35866011904761935,0.36192166666666664
2019-04-27,0.028522222222222213,0.16843216269841263,1.8216533994708994,,0.44581140211640236,0.16843216269841263
2019-04-28,0.23171250000000002,0.028679355158730158,1.773609742063492,,0.5438882638888893,0.028679355158730158
2019-04-29,0.09273333333333333,0.05879738095238095,1.7345092791005294,,0.6526742228835984,0.05879738095238095
2019-04-30,0.2927,0.22607254960317458,1.727744927248677,,0.7665974041005291,0.22607254960317458
2019-05-01,0.04808888888888888,0.401225496031746,1.7308743716931212,,0.8932037334656082,0.401225496031746
2019-05-02,0.12903333333333333,0.5247030257936508,1.6974293902116404,,1.0367382109788361,0.5247030257936508
2019-05-03,0.22794999999999999,0.6428076388888889,1.6523715198412698,,1.1868679662698411,0.6428076388888889
2019-05-04,0.19153333333333333,0.6305420138888889,1.618770927248677,,1.355936888227513,0.6305420138888889
2019-05-05,0.21386,0.6548275,1.587667771164021,,1.5401215324074071,0.6548275
2019-05-06,-0.2359625,0.6135338194444445,1.5454402460317462,,1.6920797460317458,0.6135338194444445
2019-05-07,0.4833,0.6022734722222223,1.4883828597883595,,1.8365830291005285,0.6022734722222223
2019-05-08,0.1689,0.6106464583333333,1.4606293624338627,,1.9778204788359786,0.6106464583333333
2019-05-09,0.3234166666666667,0.6049658333333334,1.4721293095238093,,2.091714873015872,0.6049658333333334
2019-05-10,-0.044860000000000004,0.7383097916666667,1.4980284788359786,,2.197518544973544,0.7383097916666667
2019-05-11,0.2638285714285714,0.7529483928571429,1.5656192195767193,,2.281402526455027,0.7529483928571429
2019-05-12,-0.31406666666666666,0.6525036607142857,1.6618914947089949,,2.3457850396825397,0.6525036607142857
2019-05-13,0.18471666666666667,0.4899947619047619,1.7386331216931215,,2.4112933862433863,0.4899947619047619
2019-05-14,0.017275,0.2952439880952381,1.796110582010582,,2.4889280224867725,0.2952439880952381
2019-05-15,0.16166666666666665,0.1298205952380952,1.8241130423280425,,2.5839072817460322,0.1298205952380952
2019-05-16,0.09490000000000001,0.1873805357142857,1.8386813822751324,,2.6807180687830683,0.1873805357142857
2019-05-17,0.10132,0.2587663095238095,1.8621964907407411,,2.765552716931216,0.2587663095238095
2019-05-18,0.32412857142857143,0.3913317261904762,1.885707996031746,,2.854235063492063,0.3913317261904762
2019-05-19,-0.3584,0.41942095238095234,1.8782576481481483,,2.9549520806878298,0.41942095238095234
2019-05-20,0.27635,0.3906310119047618,1.8456369708994713,,3.0545776494708994,0.3906310119047618
2019-05-21,0.09571428571428572,0.3812888095238095,1.8501390793650798,,3.1291582579365085,0.3812888095238095
2019-05-22,-0.07362727272727274,0.19579425324675323,1.8542049215969214,,3.1697569832852333,0.19579425324675323
2019-05-23,-0.29986250000000003,0.15495073863636363,1.8037133269600771,,3.2079286568662817,0.15495073863636363
2019-05-24,0.29085,0.07236972402597401,1.7257054267676766,,3.238648233225108,0.07236972402597401
2019-05-25,0.024339999999999994,-0.026653433441558495,1.6417572487974992,,3.250085892917268,-0.026653433441558495
2019-05-26,0.6880666666666667,0.16418585497835492,1.5605717454304955,,3.277657532768158,0.16418585497835492
2019-05-27,0.2695142857142857,0.48273496482683975,1.5113517447089946,,3.3283940667989427,0.48273496482683975
2019-05-28,-0.113875,0.6964778246753245,1.4846175442520444,,3.367746764850889,0.6964778246753245
2019-05-29,0.30835,0.999066755952381,1.4617145937950933,,3.3942225184583945,0.999066755952381
2019-05-30,-0.19708333333333333,0.8899447023809524,1.4434388655603652,,3.4097049387325638,0.8899447023809524
2019-05-31,0.23535555555555557,0.6299387698412698,1.420694063251563,,3.4144655997474747,0.6299387698412698
2019-06-01,0.05937499999999998,0.5144265873015873,1.4005963535353534,,3.411209362614237,0.5144265873015873
2019-06-02,0.12046,0.28093940476190477,1.3700293501683503,,3.3969084310365556,0.28093940476190477
2019-06-03,-0.03346249999999999,0.3096449305555556,1.358629803150553,,3.3669580133477632,0.3096449305555556
2019-06-04,-0.041916666666666665,0.2775720833333334,1.3637007283549782,,3.321321220658971,0.2775720833333334
2019-06-05,-0.0619375,0.17185861111111111,1.3397688122895623,,3.2927436085257327,0.17185861111111111
2019-06-06,0.2505,0.14562763888888886,1.3288944286916786,,3.2628435658369392,0.14562763888888886
2019-06-07,0.5583,0.22643208333333334,1.391619363275613,,3.2298376898148167,0.22643208333333334
2019-06-08,0.03811666666666666,0.39656291666666665,1.4912362423039924,,3.2073882026815768,0.39656291666666665
2019-06-09,0.6369,0.77173125,1.6016262324434822,,3.19158460443723,0.77173125
2019-06-10,0.3976,1.1511645833333333,1.7063047305194803,,3.1965337204785955,1.1511645833333333
2019-06-11,-0.2801,1.1730572916666668,1.7493865619288118,,3.216990773027899,1.1730572916666668
2019-06-12,-0.20271666666666666,1.1147333333333334,1.7616868854016354,,3.2347775477994225,1.1147333333333334
2019-06-13,0.18418,0.7685200000000001,1.7671373755411255,4.25543392087542,3.2433385725709494,0.7685200000000001
2019-06-14,-0.26605,0.21961916666666673,1.7684058101250606,4.318488962361712,3.239698291786917,0.21961916666666673
2019-06-15,0.0,-0.04965666666666663,1.7668066521164019,4.37896046218134,3.223438080447331,-0.04965666666666663
2019-06-16,0.2211,-0.15277000000000002,1.759469457070707,4.441018170334295,3.2114293274410772,-0.15277000000000002
2019-06-17,0.14049999999999999,-0.15362333333333336,1.7663782144059648,4.514984045153919,3.1960724553872057,-0.15362333333333336
2019-06-18,0.5127333333333334,0.20613166666666666,1.788119201899952,4.606281322751323,3.1918182281746037,0.20613166666666666
2019-06-19,0.11761666666666667,0.5252658333333333,1.8331621338383837,4.700319403920154,3.203100280723906,0.5252658333333333
2019-06-20,-0.12655,0.6515333333333334,1.897233041967292,4.778332802549302,3.213454872955748,0.6515333333333334
2019-06-21,0.75345,0.9419583333333335,1.9703660171957675,4.85550286784512,3.241179898088025,0.9419583333333335
2019-06-22,-0.4696,0.7921041666666668,1.9865909999999998,4.928478905363155,3.28677152675565,0.7921041666666668
2019-06-23,-0.33215,0.5004041666666668,1.9360294550264552,4.988545248436747,3.3221036832010573,0.5004041666666668
2019-06-24,-0.34,0.2422541666666666,1.8285681322751322,5.050025091510344,3.3367889229797973,0.2422541666666666
2019-06-25,0.265875,-0.2910270833333334,1.6734161984126985,5.118636943512505,3.3232987024410776,-0.2910270833333334
2019-06-26,-0.0046750000000000125,-0.46249375000000004,1.5510569629629634,5.1915952257395395,3.2805909157647903,-0.46249375000000004
2019-06-27,0.0,-0.43848125000000004,1.4659176481481482,5.2581681375962015,3.236954481601732,-0.43848125000000004
2019-06-28,0.074,-0.25760625000000004,1.3909632777777774,5.317297785563971,3.193476311327561,-0.25760625000000004
2019-06-29,0.17994,0.023678749999999936,1.333640462962963,5.371476377976191,3.1569454743867245,0.023678749999999936
2019-06-30,0.2381,0.24942624999999996,1.3092647222222225,5.426960488906929,3.1317860448532944,0.24942624999999996
2019-07-01,-0.07682499999999999,0.37293,1.2853491666666665,5.480799576689515,3.102442217171718,0.37293
2019-07-02,-0.4274,0.26758374999999995,1.2265139444444442,5.522667345027658,3.064649861712363,0.26758374999999995
2019-07-03,0.06308333333333334,0.15450708333333335,1.1148858611111108,5.557364974476913,3.0248770340307853,0.15450708333333335
2019-07-04,-0.025733333333333334,-0.08522166666666665,0.9599668055555557,5.588879937259501,2.9949959007936497,-0.08522166666666665
2019-07-05,0.22223333333333334,-0.2309795833333334,0.8087315000000004,5.624525080597646,2.971483198112073,-0.2309795833333334
2019-07-06,0.6696,0.02286249999999998,0.6517160555555557,5.661470710046897,2.960671259319385,0.02286249999999998
2019-07-07,0.431,0.3978979166666667,0.5394239444444443,5.694804256162822,2.9521126538600284,0.3978979166666667
2019-07-08,0.0,0.845325,0.5148290555555554,5.722776691167628,2.9390621039562297,0.845325
2019-07-09,-0.9761,0.9184041666666667,0.5250080555555555,5.7362865150613285,2.891885276274652,0.9184041666666667
2019-07-10,-0.3278142857142857,0.4678797619047619,0.5311482460317458,5.733306327050264,2.792142686688311,0.4678797619047619
2019-07-11,0.07975,-0.1624363095238096,0.5155229603174604,5.731639154912215,2.6835117240861,-0.1624363095238096
2019-07-12,-0.09018,-0.8217307142857143,0.48376778571428575,5.734746732774168,2.588644983706109,-0.8217307142857143
2019-07-13,-0.09018,-0.9599617857142857,0.44044938888888885,5.735180913810727,2.4947566599927855,-0.9599617857142857
2019-07-14,0.11333333333333334,-0.738552380952381,0.37824443650793643,5.735134725799661,2.4069655862794597,-0.738552380952381
2019-07-15,0.0,-0.4492679761904762,0.283079595238095,5.730901037788599,2.3342078458994706,-0.4492679761904762
2019-07-16,0.010699999999999987,-0.11221857142857145,0.18488975396825388,5.722970071999755,2.2575287721861477,-0.11221857142857145
2019-07-17,0.07559,0.04479333333333334,0.13524457936507936,5.711852657798219,2.177325341329967,0.04479333333333334
2019-07-18,0.13491666666666666,0.09691416666666666,0.13867851587301605,5.708436628517314,2.0782847199975953,0.09691416666666666
2019-07-19,0.23772000000000001,0.2284025,0.1730553412698413,5.711926877014188,1.9630755431096674,0.2284025
2019-07-20,0.8519,0.5449708333333333,0.23035505555555558,5.714296776304713,1.8725255487614236,0.5449708333333333
2019-07-21,0.8519,1.0141741666666666,0.3058892142857144,5.72098022537879,1.7898436712962957,1.0141741666666666
2019-07-22,0.15595,1.48324,0.3511067063492065,5.744872253998319,1.7082727976190473,1.48324
2019-07-23,0.1427857142857143,1.8691422619047617,0.35082372222222247,5.770555621903561,1.6582556441798937,1.8691422619047617
2019-07-24,0.18553999999999998,1.8781545238095236,0.4041532619047621,5.782516245761179,1.6413687526455027,1.8781545238095236
2019-07-25,0.18553999999999998,1.5264992857142856,0.5543089206349204,5.784632871602936,1.645010805555556,1.5264992857142856
2019-07-26,0.135575,1.1644919642857143,0.7404126984126982,5.7754168446669105,1.661257791005291,1.1644919642857143
2019-07-27,0.05941249999999999,0.8053749107142856,0.9335555595238095,5.762580058802305,1.6835043895502637,0.8053749107142856
2019-07-28,-0.30086666666666667,0.4912461904761905,1.133140615079365,5.74183823821549,1.70250133531746,0.4912461904761905
2019-07-29,0.0,0.2973224702380952,1.3296178928571432,5.716734750962,1.7098736144179896,0.2973224702380952
2019-07-30,0.11606666666666669,0.10361541666666661,1.5363431706349207,5.691960615560368,1.705883541666667,0.10361541666666661
2019-07-31,0.03284444444444444,-0.07589034722222221,1.752694652116402,5.660002730158729,1.7039116633597884,-0.07589034722222221
2019-08-01,-0.15861666666666668,-0.09823194444444447,1.9422935595238093,5.622928242905243,1.7196483313492066,-0.09823194444444447
2019-08-02,-0.2009625,-0.12442916666666666,2.093728828042328,5.5798489709295325,1.7429858604497352,-0.12442916666666666
2019-08-03,-0.2009625,-0.22500659722222222,2.208169152116402,5.5342181711760485,1.7571233201058194,-0.22500659722222222
2019-08-04,0.6384,-0.16755312500000005,2.271099392857143,5.502990253367005,1.7702705019841272,-0.16755312500000005
2019-08-05,0.30512,-0.029727986111111118,2.281621411375661,5.478372016113516,1.7725579477513227,-0.029727986111111118
2019-08-06,-0.2553,0.14475340277777782,2.263300763227513,5.4432660288600285,1.752469060185185,0.14475340277777782
2019-08-07,0.84075,0.6589202083333332,2.2589460674603186,5.411611847162095,1.7377112837301587,0.6589202083333332
2019-08-08,-0.33740000000000003,0.777748125,2.2169446574074074,5.375242387686385,1.775129618386243,0.777748125
2019-08-09,0.21075,0.757049375,2.102519104497355,5.325980844877344,1.8711425958994705,0.757049375
2019-08-10,-0.1779,0.769285,1.9595120753968256,5.280972218734969,1.9779302162698411,0.769285
2019-08-11,0.17334,0.35424,1.803006212962963,5.244505037037034,2.076942558862434,0.35424
2019-08-12,0.22643333333333335,0.32410333333333324,1.6699110727513227,5.210586369227995,2.188320845899471,0.32410333333333324
2019-08-13,0.46095,0.3801091666666666,1.5805582658730164,5.181324354196726,2.3090192440476187,0.3801091666666666
2019-08-14,0.10439999999999999,0.48734,1.506090458994709,5.1613909849987945,2.4309281977513217,0.48734
2019-08-15,-0.4201,0.6130633333333334,1.4115285780423281,5.138695344967531,2.550903818121693,0.6130633333333334
2019-08-16,-0.4201,0.43619500000000017,1.3002211785714286,5.105374788269601,2.660026438492063,0.43619500000000017
2019-08-17,0.545,0.2177891666666668,1.2240659457671954,5.061744363516112,2.775101058862433,0.2177891666666668
2019-08-18,0.545,0.0389583333333334,1.2234602685185185,5.017839161976911,2.9064269570105816,0.0389583333333334
2019-08-19,0.0,0.11351250000000007,1.2481794246031748,4.984436301707552,3.010366632936508,0.11351250000000007
2019-08-20,0.07387500000000001,0.4731937500000001,1.2692530806878306,4.945029899771524,3.0691925588624334,0.4731937500000001
2019-08-21,0.3400333333333333,0.7606208333333334,1.334397347883598,4.90468495616883,3.106052790343916,0.7606208333333334
2019-08-22,0.4704,0.9192479166666668,1.3974839166666668,4.885857429232801,3.1330998869047626,0.9192479166666668
2019-08-23,-0.29295,0.8996125,1.443873009259259,4.880242110630111,3.1409577929894184,0.8996125
2019-08-24,-0.35679999999999995,0.6488145833333333,1.4894164351851853,4.868851047979798,3.124381782407407,0.6488145833333333
2019-08-25,0.4777666666666667,0.48369166666666663,1.5475059166666665,4.853288940355942,3.1034713829365077,0.48369166666666663
2019-08-26,0.44515000000000005,0.33090625000000007,1.6431628703703702,4.847664344306153,3.0913654279100524,0.33090625000000007
2019-08-27,0.43653333333333333,0.4337291666666667,1.7335092407407409,4.850857491311928,3.1032360006613757,0.4337291666666667
2019-08-28,0.27808,0.8029408333333334,1.7918216111111112,4.858985360539922,3.1412780178571422,0.8029408333333334
2019-08-29,0.27808,1.0877975000000002,1.8348515370370369,4.867620470508658,3.191687812830687,1.0877975000000002
2019-08-30,0.1245,1.298804166666667,1.9173111666666671,4.878398515662577,3.246531487433862,1.298804166666667
2019-08-31,0.1245,1.2494316666666667,2.059891722222222,4.90263017192761,3.3013138194444442,1.2494316666666667
2019-09-01,0.21994999999999998,1.0268066666666666,2.1936413055555555,4.939299883748196,3.3677510125661367,1.0268066666666666
2019-09-02,0.0,0.7845833333333332,2.248658388888889,4.980558290013228,3.4518740390211646,0.7845833333333332
2019-09-03,0.0,0.5913975,2.2819233888888886,5.018357508778257,3.524690815476191,0.5913975
2019-09-04,-0.26639999999999997,0.37849499999999997,2.332834055555556,5.041133984487731,3.576480814153438,0.37849499999999997
2019-09-05,-0.0258,0.11868750000000002,2.3480715000000005,5.048567126863876,3.640083479497355,0.11868750000000002
2019-09-06,0.4645,0.04452500000000004,2.3434183888888893,5.056575408128908,3.698666144841271,0.04452500000000004
2019-09-07,0.5959333333333333,0.15047083333333336,2.3790613888888887,5.092010272727274,3.7418760324074065,0.15047083333333336
2019-09-08,0.77514,0.6145266666666667,2.4995018333333334,5.162427391293891,3.7904269041005296,0.6145266666666667
2019-09-09,0.11333333333333334,1.1748033333333334,2.642588611111111,5.24396420827321,3.8485562599206338,1.1748033333333334
2019-09-10,0.29596666666666666,1.5768216666666666,2.737638944444444,5.3280077752525274,3.9134854490740736,1.5768216666666666
2019-09-11,-0.015766666666666634,1.6769316666666667,2.7965761666666666,5.419075606120735,3.9667528604497346,1.6769316666666667
2019-09-12,-0.125,1.291621666666667,2.8260930555555555,5.510075673100051,3.995147271825396,1.291621666666667
2019-09-13,-0.25895,0.7784574999999999,2.824579277777777,5.598125323412697,4.00018640542328,0.7784574999999999
2019-09-14,0.131675,0.26635375,2.781461,5.686571182058683,4.01380595568783,0.26635375
2019-09-15,0.131675,-0.05596458333333332,2.702514388888889,5.779318862133236,4.06125950595238,-0.05596458333333332
2019-09-16,-0.3004,-0.1970979166666667,2.5991436111111117,5.866866460858587,4.10524608399471,-0.1970979166666667
2019-09-17,-0.3004,-0.2555229166666667,2.497416166666667,5.942513031806158,4.109096606481482,-0.2555229166666667
2019-09-18,-0.3004,-0.38089375000000003,2.3938287222222216,5.998093138468018,4.1029274623015874,-0.38089375000000003
2019-09-19,0.0,-0.57604375,2.3004504444444454,6.022957303571428,4.117685818121693,-0.57604375
2019-09-20,0.30870000000000003,-0.57506875,2.2506391111111106,6.030484053902114,4.140589729497356,-0.57506875
2019-09-21,-0.1076,-0.5155312500000001,2.205298888888889,6.034632604828042,4.144809791666665,-0.5155312500000001
2019-09-22,-0.4019,-0.37334999999999996,2.078194777777778,6.031689810515875,4.140095282407406,-0.37334999999999996
2019-09-23,-0.03423333333333333,-0.2068083333333333,1.8234896666666673,6.024864627314815,4.155954884259258,-0.2068083333333333
2019-09-24,0.64445,-0.10860416666666661,1.5339257777777773,6.025752507605821,4.1833044583333345,-0.10860416666666661
2019-09-25,0.0,-0.03169999999999995,1.269320777777778,6.030058006944441,4.193880768518518,-0.03169999999999995
2019-09-26,0.26839999999999997,0.2381541666666666,1.024371888888889,6.0422450340608425,4.1755167314814825,0.2381541666666666
2019-09-27,0.1594,0.564975,0.8268878888888886,6.063938727843918,4.1354478055555575,0.564975
2019-09-28,0.1594,0.6865958333333333,0.6841658888888887,6.0866735790343895,4.08408799074074,0.6865958333333333
2019-09-29,0.1594,0.8211666666666666,0.5739748888888888,6.112039333002646,4.027104027777778,0.8211666666666666
2019-09-30,0.0,0.7210625,0.45984055555555525,6.142328249007939,3.9623805277777784,0.7210625
2019-10-01,0.32752,0.6145799999999999,0.37935355555555555,6.182064463624339,3.8856410416666662,0.6145799999999999
2019-10-02,-0.19955,0.5396225,0.3505172222222221,6.228937685185184,3.7970039722222237,0.5396225
2019-10-03,0.296,0.45896499999999996,0.364949222222222,6.268458580357142,3.717265027777777,0.45896499999999996
2019-10-04,0.296,0.5194074999999999,0.4102612222222221,6.298758829695766,3.6719980833333334,0.5194074999999999
2019-10-05,-0.01015000000000002,0.4534024999999999,0.43478155555555537,6.337350829034391,3.642065638888889,0.4534024999999999
2019-10-06,0.42525,0.6333349999999999,0.4743552222222222,6.374614633928575,3.6141856944444446,0.6333349999999999
2019-10-07,0.9253,0.9364425000000001,0.6282616666666667,6.420368994378306,3.581856305555555,0.9364425000000001
2019-10-08,0.0,1.0915499999999998,0.8877894444444445,6.484565854828042,3.5171353055555556,1.0915499999999998
2019-10-09,-0.4019,1.2331375,1.1228552222222221,6.545845215277778,3.416647694444444,1.2331375
2019-10-10,0.27782,1.1816675,1.3244649999999998,6.6021431035052895,3.300372750000001,1.1816675
2019-10-11,0.3788,0.8362474999999999,1.5394087777777776,6.6570954639550255,3.1923643611111103,0.8362474999999999
2019-10-12,0.3788,0.6595275,1.7463936666666664,6.706222518849206,3.113131250000001,0.6595275
2019-10-13,0.3788,0.77592,1.9445802222222222,6.750023323743389,3.068745638888889,0.77592
2019-10-14,-0.68585,0.6882525000000002,2.107035944444445,6.798369545304232,3.0182233611111107,0.6882525000000002
2019-10-15,-0.2538333333333333,0.5790516666666669,2.236320555555556,6.8559017390873045,2.929258027777778,0.5790516666666669
2019-10-16,-0.2538333333333333,0.2169925000000001,2.321224111111111,6.912565321759259,2.8395374166666674,0.2169925000000001
2019-10-17,0.44195,-0.32445416666666654,2.383840222222222,6.957882793320108,2.7911454166666667,-0.32445416666666654
2019-10-18,0.048874999999999995,-0.44130208333333326,2.4363605,6.99813269543651,2.7800438333333335,-0.44130208333333326
2019-10-19,0.048874999999999995,-0.32431458333333324,2.442659111111111,7.043190097552909,2.781816,-0.32431458333333324
2019-10-20,0.048874999999999995,0.026508333333333398,2.4434493888888884,7.084529027447091,2.781825805555555,0.026508333333333398
2019-10-21,-0.2584,0.18645625000000005,2.4162855000000003,7.103933443452383,2.7851474166666668,0.18645625000000005
2019-10-22,0.43025,0.25806666666666667,2.2878299444444443,7.116211192791004,2.811274027777778,0.25806666666666667
2019-10-23,0.0,0.24178124999999998,2.0974916111111113,7.142285817129626,2.848280083333333,0.24178124999999998
2019-10-24,0.0,0.1376,1.9542871666666672,7.168520997023809,2.866961694444444,0.1376
2019-10-25,0.71865,0.45276875,1.8647913888888885,7.185324024140209,2.8915210833333327,0.45276875
2019-10-26,0.71865,0.7446937499999999,1.7883776111111114,7.200026495701057,2.9457835277777784,0.7446937499999999
2019-10-27,0.71865,1.2285,1.7236271666666667,7.216912411706348,3.021651194444445,1.2285
2019-10-28,0.0,1.7245249999999999,1.6429517222222223,7.2340014110449715,3.1081390277777783,1.7245249999999999
2019-10-29,0.32716,1.878415,1.6042782777777782,7.248451035383598,3.196162527777777,1.878415
2019-10-30,-0.025733333333333334,1.7741091666666668,1.643611277777778,7.25706067361111,3.2880464722222214,1.7741091666666668
2019-10-31,-0.45853333333333335,1.195845,1.7115638333333334,7.252857950727516,3.366682805555556,1.195845
2019-11-01,0.08475,0.6387683333333333,1.7587815000000002,7.242185783399472,3.4384895833333324,0.6387683333333333
2019-11-02,-0.09664,0.07361416666666672,1.7760961666666668,7.233052032738097,3.5068831944444443,0.07361416666666672
2019-11-03,0.21989999999999998,-0.24403583333333334,1.8107361666666673,7.236817393187833,3.5531578055555553,-0.24403583333333334
2019-11-04,-0.007750000000000004,-0.15469416666666666,1.8554595000000003,7.256392336970898,3.5885699166666667,-0.15469416666666666
2019-11-05,0.2536,-0.04432750000000002,1.936182833333334,7.274296030753968,3.6215545277777768,-0.04432750000000002
2019-11-06,0.25739,0.2604966666666666,2.0675008333333342,7.270649918981483,3.635711194444445,0.2604966666666666
2019-11-07,-0.20245,0.398325,2.202810166666667,7.233744465939153,3.642791416666667,0.398325
2019-11-08,-0.10305,0.39963249999999995,2.3145395,7.177418088293651,3.672984527777779,0.39963249999999995
2019-11-09,-0.022199999999999998,0.2897775,2.370047833333334,7.113139377314813,3.7120478055555566,0.2897775
2019-11-10,0.14796666666666666,0.06405916666666667,2.3558157222222222,7.043735721891535,3.735989861111112,0.06405916666666667
2019-11-11,0.2627833333333333,0.06023666666666669,2.284708611111111,6.98029403869048,3.739178305555555,0.06023666666666669
2019-11-12,0.3612,0.19630166666666665,2.2117442777777776,6.929395827711641,3.7211139722222213,0.19630166666666665
2019-11-13,-0.8499,0.19439166666666666,2.0904442777777774,6.876635533399469,3.7030183888888883,0.19439166666666666
2019-11-14,0.8436,0.39374583333333335,1.917516388888889,6.820152655753969,3.7205297499999994,0.39374583333333335
2019-11-15,0.29433333333333334,0.4846791666666667,1.7978818333333328,6.777718861441801,3.771116805555556,0.4846791666666667
2019-11-16,0.3300666666666667,0.45176666666666676,1.7302500555555558,6.753607039351855,3.8158266388888893,0.45176666666666676
2019-11-17,0.9382,1.0728041666666668,1.7220473333333337,6.759157606150793,3.8553000833333346,1.0728041666666668
2019-11-18,-0.031799999999999995,1.3010833333333336,1.739098944444444,6.79146650628307,3.901615194444445,1.3010833333333336
2019-11-19,0.031599999999999996,1.4557916666666668,1.7452588888888896,6.827027489748677,3.9498136388888883,1.4557916666666668
2019-11-20,0.24248333333333336,1.5963875000000003,1.737180777777778,6.864010298611112,4.012915972222223,1.5963875000000003
2019-11-21,-0.2002,1.0053583333333336,1.7021744444444447,6.912573182870372,4.062503027777778,1.0053583333333336
2019-11-22,-0.19555,0.5922416666666667,1.6646554444444441,6.968199372685184,4.083883694444443,0.5922416666666667
2019-11-23,0.7673,0.4287333333333333,1.6665614444444443,7.021095826388887,4.124963805555557,0.4287333333333333
2019-11-24,0.9301,0.459025,1.7573524444444446,7.079021342592596,4.181119749999997,0.459025
2019-11-25,0.5700999999999999,0.9664916666666667,1.9376756666666664,7.142963074074077,4.218842361111111,0.9664916666666667
2019-11-26,0.5106,1.6914333333333333,2.1745488888888893,7.206273416666666,4.23379663888889,1.6914333333333333
2019-11-27,-0.0572375,2.026315625,2.408890305555556,7.269015668981479,4.237665291666667,2.026315625
2019-11-28,-0.5423,1.8211937500000004,2.666732472222223,7.322689368055555,4.225949652777778,1.8211937500000004
2019-11-29,0.17859999999999995,1.3256218750000002,2.9229188611111114,7.369627465277778,4.200781458333333,1.3256218750000002
2019-11-30,0.664,0.6918624999999999,3.115187472222222,7.415132069444444,4.211257486111112,0.6918624999999999
2019-12-01,0.625,0.43479687499999997,3.296336638888889,7.4658961319444455,4.257809125000001,0.43479687499999997
2019-12-02,-0.08607142857142858,0.6598883928571428,3.4105026468253965,7.523189078373016,4.315346740079367,0.6598883928571428
2019-12-03,0.28902,1.0104599107142858,3.475115607142856,7.580169262896824,4.382024831349206,1.0104599107142858
2019-12-04,0.08131666666666666,1.1770105952380951,3.559158123015873,7.635886586309525,4.452567700396826,1.1770105952380951
2019-12-05,-0.288775,0.9445581547619046,3.6262081388888885,7.6878355069444435,4.518376263888889,0.9445581547619046
2019-12-06,0.33474444444444446,0.7032525396825396,3.70900458068783,7.721852922949735,4.590427151455025,0.7032525396825396
2019-12-07,0.33474444444444446,0.4457730357142857,3.842331985449735,7.744972329695766,4.687226520502644,0.4457730357142857
2019-12-08,0.33474444444444446,0.3973213095238095,3.9496756865079354,7.7806428938492065,4.798669037698412,0.3973213095238095
2019-12-09,0.2202,0.7045570833333334,3.958182535714286,7.82296799503968,4.921467628968253,0.7045570833333334
2019-12-10,0.0029800000000000048,0.8236477777777778,3.8783076071428577,7.859540707341268,5.054737331349207,0.8236477777777778
2019-12-11,-0.017625000000000002,0.843215,3.739589511904763,7.889092905753968,5.186697950396826,0.843215
2019-12-12,0.6341,0.8742641666666667,3.611995861111111,7.915866979166668,5.320760374999999,0.8742641666666667
2019-12-13,0.08175999999999999,0.7434595833333333,3.531943376984127,7.951093219246033,5.477926299603175,0.7434595833333333
2019-12-14,0.0,0.6948511111111111,3.4786528928571436,7.995660514880949,5.621003501984127,0.6948511111111111
2019-12-15,0.6005,0.88886625,3.4271368531746034,8.054733921626982,5.727696815476191,0.88886625
2019-12-16,0.43685,0.95873,3.3450791468253964,8.128399967261904,5.834001240079367,0.95873
2019-12-17,0.15596666666666667,1.0817554166666667,3.2891289801587305,8.203367401785714,5.916090803571428,1.0817554166666667
2019-12-18,0.71172,1.3834558333333333,3.27878513095238,8.28455201686508,5.984057644841268,1.3834558333333333
2019-12-19,-0.06949999999999999,1.3631250000000001,3.2651528373015877,8.372908534722223,6.064363986111111,1.3631250000000001
2019-12-20,0.7014,1.4582441666666668,3.2955505436507933,8.476776580357145,6.142573799603174,1.4582441666666668
2019-12-21,0.8733,1.7141450000000003,3.3767830648148154,8.592381709325403,6.248483335317459,1.7141450000000003
2019-12-22,0.0,1.6141858333333332,3.429301326719577,8.702678921626985,6.389310371031747,1.6141858333333332
2019-12-23,0.037474999999999994,1.7084704166666664,3.4574944960317464,8.814296481150791,6.511703656746031,1.7084704166666664
2019-12-24,-0.10334,1.5354325,3.5030758690476196,8.921078637896825,6.588396692460317,1.5354325
2019-12-25,-0.2215,0.90936125,3.572957242063492,9.008546155753967,6.633624061507938,0.90936125
2019-12-26,-0.19292857142857142,0.41298785714285713,3.666023996031746,9.07456021329365,6.659875954365078,0.41298785714285713
2019-12-27,-0.01889999999999999,-0.1242230357142857,3.7260435476190477,9.131466199404763,6.6794627876984105,-0.1242230357142857
2019-12-28,0.4019,-0.3339389285714286,3.7311211825396824,9.18946601884921,6.730870204365079,-0.3339389285714286
2019-12-29,0.0,-0.21457982142857138,3.7320214841269848,9.24786622718254,6.806123065476192,-0.21457982142857138
2019-12-30,-0.1802,-0.043806428571428545,3.714968452380953,9.315706296626987,6.842214815476194,-0.043806428571428545
2019-12-31,-0.1783,0.10121071428571429,3.6597754206349213,9.388621504960318,6.823135176587303,0.10121071428571429
2020-01-01,0.7097666666666667,0.19688452380952381,3.6007411190476195,9.466163768849205,6.7947508630952385,0.19688452380952381
2020-01-02,0.23727,0.2965008333333333,3.522193880952381,9.547323671626982,6.777439875000001,0.2965008333333333
2020-01-03,0.4910333333333333,0.5607433333333333,3.4374533095238102,9.628581935515873,6.763458553571429,0.5607433333333333
2020-01-04,0.40605,1.0109233333333334,3.3335735714285724,9.716874227182535,6.775441398809522,1.0109233333333334
2020-01-05,-0.4019,1.10622,3.1263844814814807,9.805521546626986,6.794477595899471,1.10622
2020-01-06,0.17698000000000003,1.1271266666666668,2.875794354497355,9.902804477182535,6.788364496693123,1.1271266666666668
2020-01-07,0.27928333333333333,0.9272874999999999,2.6602309682539684,10.016385213293653,6.762447823412698,0.9272874999999999
2020-01-08,0.08006666666666669,0.499865,2.479535063492063,10.138458866071437,6.721934668650793,0.499865
2020-01-09,0.24818333333333334,0.51288,2.338876158730159,10.263506824404756,6.681549124999999,0.51288
2020-01-10,0.05163333333333334,0.5096308333333334,2.2353515476190475,10.383034366071433,6.653494525793652,0.5096308333333334
2020-01-11,-0.013933333333333317,0.48601500000000003,2.167754674603174,10.489276768849203,6.615918815476191,0.48601500000000003
2020-01-12,0.2989625,0.5986189583333333,2.1079874404761907,10.60497878968254,6.551086591269842,0.5986189583333333
2020-01-13,-0.2871285714285714,0.41487410714285716,2.0245466706349204,10.723079009920633,6.483621265873018,0.41487410714285716
2020-01-14,0.28155,0.31994508928571436,1.9729499484126982,10.820761144841272,6.415011853174602,0.31994508928571436
2020-01-15,0.29436666666666667,0.37539523809523817,1.9990287817460315,10.907829251984133,6.331829384920633,0.37539523809523817
2020-01-16,0.11918571428571428,0.3311772321428572,2.0232221388888894,10.972199184523808,6.256916678571431,0.3311772321428572
2020-01-17,0.032866666666666676,0.5007860119047619,2.01827101984127,11.020226220238102,6.170721956349206,0.5007860119047619
2020-01-18,0.36898333333333333,0.6347739583333334,1.999568678571429,11.074177839285714,6.069814067460317,0.6347739583333334
2020-01-19,-0.1806,0.572945238095238,1.9484035595238094,11.12680709722222,5.955550623015872,0.572945238095238
2020-01-20,0.174425,0.5698705357142856,1.9492459404761908,11.174434341269846,5.789398984126983,0.5698705357142856
2020-01-21,0.16904285714285713,0.5208410714285714,2.0056419166666672,11.227885206349203,5.593265976190475,0.5208410714285714
2020-01-22,0.13598,0.39170244047619046,2.043036932539682,11.279433900793656,5.410496682539681,0.39170244047619046
2020-01-23,0.023785714285714275,0.43240190476190477,2.0596053055555563,11.309394392857138,5.2608756507936505,0.43240190476190477
2020-01-24,0.37866,0.5103502976190476,2.0568772023809525,11.319941932539683,5.153793380952383,0.5103502976190476
2020-01-25,0.9908,0.7596939285714286,2.065995702380952,11.327454972222222,5.101361396825396,0.7596939285714286
2020-01-26,0.0,1.0332933928571428,2.0985665833333336,11.338325303571427,5.080059740079367,1.0332933928571428
2020-01-27,0.17408333333333334,1.2933708333333331,2.130704964285714,11.36329528769841,5.0389005138888905,1.2933708333333331
2020-01-28,0.16752,1.4496045238095239,2.186837861111111,11.398501966269842,4.983976343253967,1.4496045238095239
2020-01-29,-0.12739999999999999,1.1208489285714287,2.238673329365079,11.422728978174602,4.949770839285714,1.1208489285714287
2020-01-30,0.0,0.8260883333333334,2.2359176865079364,11.42547740674603,4.946875335317459,0.8260883333333334
2020-01-31,0.5034,0.5760825,2.24008744047619,11.424242442460319,4.943636418650795,0.5760825
2020-02-01,0.08914285714285716,0.3592673809523809,2.2854396865079365,11.429496192460315,4.922087803571427,0.3592673809523809
2020-02-02,-0.1908,0.4061522619047619,2.32489013888889,11.43011260515873,4.880740402777775,0.4061522619047619
2020-02-03,0.03924,0.46284714285714285,2.37663248015873,11.436382823412705,4.80350658531746,0.46284714285714285
2020-02-04,0.14718,0.3481578571428571,2.4351388214285707,11.454694967592594,4.730007591931217,0.3481578571428571
2020-02-05,0.022824999999999998,0.23648339285714284,2.4689168055555557,11.470976505291013,4.67799749669312,0.23648339285714284
2020-02-06,-0.04077,0.17816642857142856,2.496970543650794,11.472601186507932,4.621637688492066,0.17816642857142856
2020-02-07,0.23972,0.1601594642857143,2.5329832341269847,11.46560071031746,4.565864454365079,0.1601594642857143
2020-02-08,-0.23202857142857142,0.13640535714285718,2.5533642579365083,11.460416496031746,4.502997410714285,0.13640535714285718
2020-02-09,-0.18496,0.07728446428571431,2.478542218253969,11.458314793650796,4.42294258531746,0.07728446428571431
2020-02-10,0.1847181818181818,0.037028116883116864,2.3389154512987025,11.452249826118324,4.351901646284272,0.037028116883116864
2020-02-11,0.0,-0.11327823051948051,2.2033413737373744,11.433234426767669,4.286369371392495,-0.11327823051948051
2020-02-12,0.22995714285714286,-0.05328600649350648,2.0530534430014438,11.406941975829723,4.225637917929295,-0.05328600649350648
2020-02-13,0.46740000000000004,0.22174246753246754,1.9231501313131312,11.372221945526695,4.186723369227995,0.22174246753246754
2020-02-14,0.24566,0.45563435064935065,1.8447060418470418,11.327722554112553,4.157785098304473,0.45563435064935065
2020-02-15,0.04396666666666666,0.7604479004329004,1.756141253968254,11.279846648809524,4.129769136904763,0.7604479004329004
2020-02-16,0.37615,0.9863132359307359,1.6471459105339104,11.221824854617598,4.118148151695526,0.9863132359307359
2020-02-17,0.1386,0.9668885714285714,1.5754810432900437,11.158203560425685,4.112414999819625,0.9668885714285714
2020-02-18,-0.1191125,0.8410353273809524,1.5208492038239532,11.08246695373376,4.111258861832612,0.8410353273809524
2020-02-19,0.09765,0.7176112499999999,1.4528681143578641,10.981738576208508,4.136195848845598,0.7176112499999999
2020-02-20,0.52925,0.5959139583333333,1.4058989534632036,10.875264782016595,4.17468724062049,0.5959139583333333
2020-02-21,0.08159999999999999,0.5421666666666667,1.3906552211399714,10.773256821157998,4.213816620490622,0.5421666666666667
2020-02-22,0.08159999999999999,0.6297906249999999,1.3729136792929293,10.679695360299426,4.249242726551226,0.6297906249999999
2020-02-23,0.2581,0.74410625,1.3793975660173161,10.606356232774164,4.271501642135642,0.74410625
2020-02-24,0.07626000000000001,0.706899375,1.4704746908369408,10.554688081439394,4.246777414862915,0.706899375
2020-02-25,0.255025,0.7272987499999999,1.605637436868687,10.515299864628428,4.191017461399712,0.7272987499999999
2020-02-26,0.3394,0.76197,1.7541025818903313,10.477208189484125,4.145745146825398,0.76197
2020-02-27,-0.33695,0.60776625,1.8987056951659456,10.434950486562048,4.09582522113997,0.60776625
2020-02-28,-0.23283,0.4895375,1.9791629989177493,10.386912394751079,4.032068295454547,0.4895375
2020-02-29,0.0,0.26419624999999997,2.0000753026695524,10.339794191829004,3.9627025364357866,0.26419624999999997
2020-03-01,0.24006666666666668,-0.0504283333333334,2.026461384199134,10.285719683351365,3.8894156663059167,-0.0504283333333334
2020-03-02,-0.2203,-0.18712791666666673,2.0452500054112557,10.217053119318175,3.8124907564935078,-0.18712791666666673
2020-03-03,0.273,-0.1200975,2.0280900551948053,10.138455249729438,3.7519711403318907,-0.1200975
2020-03-04,0.2952,0.08448916666666667,2.0235189383116885,10.051689741251804,3.720924913059163,0.08448916666666667
2020-03-05,0.03687500000000001,0.2631112500000001,2.0376618214285718,9.971880607774164,3.6892684357864356,0.2631112500000001
2020-03-06,0.46409999999999996,0.5836708333333334,2.0323773712121214,9.900452765963198,3.6565460418470406,0.5836708333333334
2020-03-07,0.46409999999999996,0.8255479166666666,2.0167114209956716,9.826609701930014,3.6474962034632035,0.8255479166666666
2020-03-08,0.9622,1.160375,2.044340470779221,9.757619554563494,3.6615755317460317,1.160375
2020-03-09,0.13246666666666668,1.5698979166666667,2.0860681237373737,9.693328851641413,3.6991137568542576,1.5698979166666667
2020-03-10,0.13246666666666668,1.7254125,2.100436602092352,9.629671898719334,3.759964101010101,1.7254125
2020-03-11,0.0943,1.7407020833333333,2.100270242063492,9.57247619579726,3.8252302835497836,1.7407020833333333
2020-03-12,-0.0386,1.339041666666667,2.068489488095238,9.506921673430737,3.8900180128066375,1.339041666666667
2020-03-13,0.016416666666666666,0.8844708333333334,2.043471194444444,9.440932557810246,3.9469680138888883,0.8844708333333334
2020-03-14,0.3404,0.5647916666666666,2.091577361111111,9.387492668380228,3.9865267451298703,0.5647916666666666
2020-03-15,0.3318333333333333,0.39694583333333333,2.2013819722222223,9.335259445616884,4.023119309704184,0.39694583333333333
2020-03-16,0.0013777777777777755,0.48929444444444437,2.3159433981481476,9.289479331319138,4.062503710257335,0.48929444444444437
2020-03-17,0.55705,0.7458138888888888,2.4618051944444446,9.253371908820348,4.099725557900433,0.7458138888888888
2020-03-18,0.18473333333333333,0.9114333333333333,2.646038101851852,9.216746847432665,4.138849627765752,0.9114333333333333
2020-03-19,0.3256,1.0161111111111112,2.810051703703704,9.183518869378306,4.188969392075519,1.0161111111111112
2020-03-20,0.3256,1.19185,2.972918222222223,9.156172835768396,4.250554989718615,1.19185
2020-03-21,0.3819,1.1886430555555556,3.1468664074074075,9.125700254539442,4.308760051647427,1.1886430555555556
2020-03-22,-0.03655,1.1690319444444444,3.290807925925925,9.097786459024771,4.357442994528618,1.1690319444444444
2020-03-23,0.7929,1.2678041666666668,3.370314444444445,9.087657818272003,4.415954532647907,1.2678041666666668
2020-03-24,0.20290000000000002,1.2548458333333334,3.4213598518518515,9.091621748947812,4.486446832671957,1.2548458333333334
2020-03-25,-0.2023,1.139625,3.4659083703703697,9.081772179623611,4.568628132696009,1.139625
2020-03-26,-0.194575,1.0402187499999997,3.493152777777777,9.055880006132758,4.649665349386725,1.0402187499999997
2020-03-27,0.07060000000000001,0.6434125000000002,3.5323655185185183,9.02105717291967,4.711723538299664,0.6434125000000002
2020-03-28,0.20887272727272727,0.2787744318181818,3.5824545723905725,8.979839056878312,4.784051328222704,0.2787744318181818
2020-03-29,0.39844999999999997,0.21037386363636368,3.6100072727272736,8.950034963564212,4.886162496933622,0.21037386363636368
2020-03-30,0.36035,0.3202107954545454,3.6102767508417513,8.939419203583455,5.006557998977873,0.3202107954545454
2020-03-31,0.36035,0.6830602272727272,3.6203577104377107,8.9309103483646,5.13935294546657,0.6830602272727272
2020-04-01,0.2673625,1.0590389204545454,3.614792790404041,8.91944795445526,5.291826592352091,1.0590389204545454
2020-04-02,0.40592,1.2866976136363637,3.583975064814814,8.91837667264911,5.452070661856662,1.2866976136363637
2020-04-03,0.4732,1.4038375568181818,3.567379117003367,8.92542857139851,5.60550073136123,1.4038375568181818
2020-04-04,-0.01200000000000001,1.3554524999999997,3.5338123358585856,8.933599882184943,5.758655300865801,1.3554524999999997
2020-04-05,0.4249625,1.3318450000000002,3.483543471380471,8.947958204545456,5.904826828703703,1.3318450000000002
2020-04-06,0.40926666666666667,1.3072066666666666,3.4689989124579133,8.975146594035595,6.033663092652716,1.3072066666666666
2020-04-07,-0.08652499999999999,1.1144245833333333,3.46233240909091,9.006333201118322,6.123650884379509,1.1144245833333333
2020-04-08,0.3570666666666667,1.1069966666666666,3.4347861835016835,9.04150596494709,6.18178700547138,1.1069966666666666
2020-04-09,0.16985,0.9963906250000001,3.4335949579124576,9.08789746885522,6.232924150372775,0.9963906250000001
2020-04-10,0.3413,0.8679562500000001,3.4834592878787882,9.143689878066379,6.285017542748918,0.8679562500000001
2020-04-11,0.011166666666666667,0.9038760416666666,3.555194173400674,9.205306373136123,6.344207349266474,0.9038760416666666
2020-04-12,0.24635,0.8198500000000002,3.6161419882154893,9.265917554713807,6.4122611637205384,0.8198500000000002
2020-04-13,0.24635,0.8187270833333334,3.6649188434343434,9.324016117243865,6.4882553750000005,0.8187270833333334
2020-04-14,0.3032666666666667,0.8250875,3.703837365319866,9.383455068662819,6.562886419612793,0.8250875
2020-04-15,0.2015142857142857,0.8546119047619047,3.72264228932179,9.447213555796058,6.639650554172681,0.8546119047619047
2020-04-16,0.2613666666666667,0.9155696428571429,3.733643337662338,9.515058161976915,6.7125170564574335,0.9155696428571429
2020-04-17,0.25675,0.9600023809523809,3.7417555526695527,9.583993073713327,6.777871892075517,0.9600023809523809
2020-04-18,0.5759,1.0821017857142856,3.736025878787879,9.664807777116401,6.840417908249159,1.0821017857142856
2020-04-19,0.5759,1.2502107142857142,3.7596495382395383,9.76870102218615,6.900096216089465,1.2502107142857142
2020-04-20,0.5380666666666667,1.4837404761904762,3.8164579199134203,9.878706489478109,6.965205635040885,1.4837404761904762
2020-04-21,-0.03200000000000001,1.642482738095238,3.846031579365079,9.983060637325634,7.037418665103415,1.642482738095238
2020-04-22,0.017674999999999996,1.5935104166666665,3.8788232943722942,10.08402653517316,7.08690127849928,1.5935104166666665
2020-04-23,0.25236,1.3700566666666667,3.9357733982683984,10.178874058020682,7.1133528085618085,1.3700566666666667
2020-04-24,0.1355875,0.9768081249999999,3.9705473077200577,10.267928238606297,7.151822796957674,0.9768081249999999
2020-04-25,0.0,0.6637470833333333,3.9625349671717185,10.350825660263347,7.211303160353537,0.6637470833333333
2020-04-26,0.23265,0.5439860416666666,3.934647348845599,10.42894641525373,7.288700607082735,0.5439860416666666
2020-04-27,0.20334999999999998,0.49285749999999995,3.9134410436507943,10.51400883691078,7.364089796236173,0.49285749999999995
2020-04-28,0.2264,0.565051875,3.893957162698413,10.61064717523449,7.416901061147183,0.565051875
2020-04-29,0.19584444444444443,0.6782073611111111,3.8772003187830686,10.711697217261902,7.447575900132275,0.6782073611111111
2020-04-30,0.2379875,0.7389534722222222,3.86527580952381,10.816790303270809,7.46545904930255,0.7389534722222222
2020-05-01,-0.10692857142857141,0.7343824404761904,3.847784951058201,10.93053807479558,7.464932208393457,0.7343824404761904
2020-05-02,0.0779,0.6699832837301588,3.8172281124338623,11.04923480266955,7.442357141293891,0.6699832837301588
2020-05-03,0.9092,0.7349619047619047,3.7933686071428565,11.174163058321312,7.416399740860991,0.7349619047619047
2020-05-04,0.26682,0.8058142757936508,3.747296435185185,11.303391480639737,7.400203923761423,0.8058142757936508
2020-05-05,0.0377625,0.9904090575396826,3.650877985449736,11.424934173791488,7.383668648328524,0.9904090575396826
2020-05-06,0.2188,1.2473538392857142,3.557081480158729,11.536947082221019,7.359071775673401,1.2473538392857142
2020-05-07,0.3990666666666667,1.1984263988095236,3.4955935859788365,11.633331796206106,7.357786291907166,1.1984263988095236
2020-05-08,0.42264,1.1812458333333336,3.452511636243386,11.721055037968975,7.379422308140935,1.1812458333333336
2020-05-09,0.16578,1.159896875,3.4207444087301586,11.81176469639851,7.397716991041369,1.159896875
2020-05-10,0.1192,1.0784229166666668,3.4064756812169312,11.901383910383599,7.407502451719575,1.0784229166666668
2020-05-11,0.18938333333333332,1.0720614583333334,3.3987319537037024,11.995021561868693,7.411610412397787,1.0720614583333334
2020-05-12,0.18938333333333332,0.9684308333333334,3.3831310039682534,12.092283940536316,7.413077539742663,0.9684308333333334
2020-05-13,0.38595,0.8878383333333333,3.374481165343915,12.188347331108709,7.413657167087541,0.8878383333333333
2020-05-14,-0.004425000000000004,0.8012395833333334,3.368719752645503,12.281185513347769,7.413478877765751,0.8012395833333334
2020-05-15,0.2884875,0.7918377083333333,3.3603309920634925,12.374283634409565,7.406762450216452,0.7918377083333333
2020-05-16,0.13290000000000002,0.8266291666666667,3.372680584656084,12.462853291516359,7.400946912217415,0.8266291666666667
2020-05-17,0.12264285714285715,0.7405513392857143,3.412754066137566,12.54453816687711,7.3944829218374215,0.7405513392857143
2020-05-18,0.17937142857142857,0.731328869047619,3.4248430238095238,12.621804133507695,7.373803058441557,0.731328869047619
2020-05-19,0.4265375,0.7318428571428572,3.4171209457671954,12.693214549543052,7.335681677188555,0.7318428571428572
2020-05-20,0.7964800000000001,0.9123726785714286,3.4669928399470904,12.76588734355459,7.292603365379991,0.9123726785714286
2020-05-21,0.14615,1.1646060714285715,3.548050456349207,12.843201411375661,7.254122498015872,1.1646060714285715
2020-05-22,0.0,1.3260475000000003,3.5923111283068785,12.91045894348244,7.231160797318421,1.3260475000000003
2020-05-23,-0.07762,1.3269370535714287,3.588205189153439,12.963826689874942,7.214500929954307,1.3269370535714287
2020-05-24,-0.09290000000000002,0.9395866071428571,3.552118833333333,13.027175602934104,7.182077479256855,0.9395866071428571
2020-05-25,0.49485,0.633534375,3.514951727513228,13.108745349326593,7.1452190285594055,0.633534375
2020-05-26,-0.07953333333333333,0.3524416666666667,3.4788112883597893,13.19729301238576,7.105461272306397,0.3524416666666667
2020-05-27,0.35856,0.30643333333333334,3.4412539603174594,13.286354713323721,7.06047850595238,0.30643333333333334
2020-05-28,0.02772,0.512925,3.392542076719576,13.368847702140448,7.01773078505291,0.512925
2020-05-29,0.1281,0.5405541666666667,3.3376640079365085,13.438930857623856,6.976151916005291,0.5405541666666667
2020-05-30,0.4574,0.7222999999999999,3.2978261706349214,13.506076513107262,6.941881982142856,0.7222999999999999
2020-05-31,0.13924999999999998,0.7401733333333333,3.254152797619047,13.57267023406686,6.923649458994709,0.7401733333333333
2020-06-01,-0.2885,0.6488366666666667,3.1875006150793657,13.62595168716931,6.915118429894181,0.6488366666666667
2020-06-02,0.09387999999999999,0.6406324999999999,3.127130146825398,13.661696306938435,6.885092400793651,0.6406324999999999
2020-06-03,0.0036333333333333404,0.38475333333333334,3.0688168611111104,13.692120371152006,6.825177593915345,0.38475333333333334
2020-06-04,0.24525000000000002,0.21020166666666662,2.9474179365079363,13.719152463143338,6.766140800925924,0.21020166666666662
2020-06-05,0.254675,0.25049875,2.788393261904762,13.736297235690232,6.720787827380952,0.25049875
2020-06-06,0.20970000000000003,0.32830583333333335,2.6556999761904763,13.753590688792682,6.667957909391537,0.32830583333333335
2020-06-07,0.47385,0.6371087500000001,2.5783565793650784,13.772135459355459,6.603639296957672,0.6371087500000001
2020-06-08,0.050100000000000006,0.8706241666666666,2.5494601825396814,13.782789630711875,6.537221128968256,0.8706241666666666
2020-06-09,-0.12055,0.8745395833333333,2.500918119047619,13.784335536916789,6.468648627645501,0.8745395833333333
2020-06-10,-0.0547,0.7834000000000001,2.429132722222222,13.780085900192404,6.39274362632275,0.7834000000000001
2020-06-11,0.2725125,0.524371875,2.35863151984127,13.775275732714045,6.312135222222222,0.524371875
2020-06-12,0.4707,0.41928125000000005,2.306329845238095,13.77425864559283,6.23294758201058,0.41928125000000005
2020-06-13,0.2715666666666667,0.5060260416666666,2.281099892857142,13.776209002916062,6.16257383068783,0.5060260416666666
2020-06-14,0.0,0.6725458333333334,2.23535757936508,13.774422955477394,6.095670456349207,0.6725458333333334
2020-06-15,0.3825,0.9168968750000001,2.1766348492063496,13.771610697721252,6.028810514550265,0.9168968750000001
2020-06-16,0.15534285714285714,0.9772586309523811,2.154308309523809,13.768934769330214,5.97103180291005,0.9772586309523811
2020-06-17,0.03156,0.8795895535714285,2.161253674603175,13.754101260582015,5.920178496031743,0.8795895535714285
2020-06-18,0.07677142857142856,0.7874383333333335,2.185506162698413,13.720794992905244,5.870130415343915,0.7874383333333335
2020-06-19,0.1322625,0.605230863095238,2.240901476190476,13.675888730188793,5.801365094576721,0.605230863095238
2020-06-20,0.7322,0.6460769642857143,2.3232048730158734,13.634842293861231,5.724020926587301,0.6460769642857143
2020-06-21,0.65372,0.9024647321428572,2.425618936507937,13.606943940867009,5.664665008597881,0.9024647321428572
2020-06-22,0.2686,1.1876167857142856,2.5106196666666674,13.58506183787278,5.6277690072751305,1.1876167857142856
2020-06-23,0.2169,1.5564875892857144,2.5711897301587303,13.563546109878546,5.6111144642857145,1.5564875892857144
2020-06-24,0.24952,1.660474107142857,2.665402126984127,13.546418131884314,5.591095046296297,1.660474107142857
2020-06-25,0.1878,1.492440625,2.799719079365079,13.534010528890098,5.568397906084656,1.492440625
2020-06-26,0.13456666666666667,1.2429416666666666,2.939561642857143,13.517043064784753,5.5490393214285705,1.2429416666666666
2020-06-27,0.31647142857142857,0.9971761904761905,3.057767309523809,13.491923584806399,5.531484538359789,0.9971761904761905
2020-06-28,0.40282,0.9104057142857144,3.155658912698413,13.463820542658725,5.527761353174603,0.9104057142857144
2020-06-29,-0.17538571428571428,0.8493188095238094,3.2625438809523812,13.432382809373497,5.5155426051587275,0.8493188095238094
2020-06-30,0.021666666666666667,0.7935152380952382,3.3586932142857147,13.397644490770807,5.483057855158729,0.7935152380952382
2020-07-01,0.35942,0.7235559523809525,3.4267142460317457,13.367004870580807,5.4614157400793655,0.7235559523809525
2020-07-02,0.28426666666666667,0.5856333333333335,3.4972439761904766,13.3300126392797,5.473440736111113,0.5856333333333335
2020-07-03,0.35973333333333335,0.6722869047619048,3.5852687222222213,13.281554032978596,5.512548954365079,0.6722869047619048
2020-07-04,0.34914285714285714,0.8690345238095237,3.69128319047619,13.238101144931454,5.560252039682541,0.8690345238095237
2020-07-05,0.7712,1.15799,3.7936757539682553,13.207443405693848,5.61423938095238,1.15799
2020-07-06,0.2411375,1.4658015178571426,3.8528974007936507,13.186809867845126,5.679917624999997,1.4658015178571426
2020-07-07,0.28016,1.6199399404761907,3.8907926309523813,13.165947586940835,5.745194271825396,1.6199399404761907
2020-07-08,0.2699666666666667,1.672415267857143,3.93212375,13.142070472703223,5.811981696428573,1.672415267857143
2020-07-09,-0.20385999999999999,1.3781805952380954,3.9422154246031744,13.11588430291005,5.886968898809526,1.3781805952380954
2020-07-10,0.5746,1.1780938392857143,3.9296687658730156,13.088108744227988,5.979119823412699,1.1780938392857143
2020-07-11,0.24152,0.9882404166666667,3.930095412698412,13.060636546657047,6.083925109126986,0.9882404166666667
2020-07-12,0.21910833333333335,0.8054664583333333,3.940580880952381,13.030387501863876,6.181222672619046,0.8054664583333333
2020-07-13,0.462075,1.03294125,3.9505619206349203,13.005058179292933,6.271489819444445,1.03294125
2020-07-14,0.166175,1.0749441666666668,3.975374563492063,12.98300665764791,6.367909952380954,1.0749441666666668
2020-07-15,0.09985000000000001,1.0911895833333334,4.032052642857143,12.960802450817702,6.463036960317462,1.0911895833333334
2020-07-16,0.30725,1.142185,4.094823039682541,12.943913224146225,6.551279920634921,1.142185
2020-07-17,0.7351,1.0949529166666665,4.155656087301587,12.93492945382395,6.655698857142858,1.0949529166666665
2020-07-18,0.38632,1.2048633333333334,4.214547515873016,12.930619034692155,6.785295561507939,1.2048633333333334
2020-07-19,-0.6192,1.17042875,4.225385662698413,12.909880157227029,6.924426759920636,1.17042875
2020-07-20,0.3237333333333333,1.118079583333333,4.180500813492063,12.87384647420635,7.045528597222219,1.118079583333333
2020-07-21,0.16497499999999998,0.8549429166666667,4.130614408730159,12.845752443963445,7.1310140734127,0.8549429166666667
2020-07-22,0.06621250000000001,0.456743125,4.084425087301588,12.829176976220536,7.188315007936507,0.456743125
2020-07-23,-0.22688,0.3363858333333334,4.0123884047619045,12.814109612644293,7.223912817460317,0.3363858333333334
2020-07-24,-0.10533333333333335,0.10464104166666664,3.940418166666667,12.786267346290282,7.245125571428572,0.10464104166666664
2020-07-25,0.21424444444444446,0.027744861111111095,3.861939632275132,12.751377603084412,7.260498121693122,0.027744861111111095
2020-07-26,-0.08124999999999999,-0.005990069444444454,3.744231801587301,12.715274641865081,7.271992134920637,-0.005990069444444454
2020-07-27,0.8593999999999999,0.133765,3.636788351851852,12.68427928670635,7.2878587116402125,0.133765
2020-07-28,0.07515999999999999,0.42591006944444443,3.5390610608465614,12.664798264880963,7.2979219074074075,0.42591006944444443
2020-07-29,-0.2200875,0.5971547916666666,3.4022006626984127,12.640357013888893,7.307746835317459,0.5971547916666666
2020-07-30,0.18890833333333334,0.8728047222222223,3.24144199074074,12.610942707341273,7.332120245370373,0.8728047222222223
2020-07-31,0.29636250000000003,0.7361252777777778,3.082421902116403,12.593670511904765,7.349391113756616,0.7361252777777778
2020-08-01,0.2223,0.5911075,2.8926567857142853,12.591290170634924,7.350606468253968,0.5911075
2020-08-02,0.2307,0.6673695833333334,2.6646970026455032,12.594902940476187,7.339530378306876,0.6673695833333334
2020-08-03,0.17105,0.6716275,2.4892834259259256,12.601156925595234,7.315668970899471,0.6716275
2020-08-04,0.13069,0.7752266666666666,2.380970388888889,12.60854523710318,7.267823884920636,0.7752266666666666
2020-08-05,-0.018399999999999993,0.7818658333333333,2.27756437962963,12.611819229166668,7.195845298941799,0.7818658333333333
2020-08-06,0.2212625,0.6734487499999999,2.182884537037037,12.607645755952383,7.121263671296297,0.6734487499999999
2020-08-07,-0.0736,0.50833375,2.1221755,12.600361275793652,7.039538029761904,0.50833375
2020-08-08,0.70475,0.528151875,2.1068559074074074,12.603770128968248,6.964953832671957,0.528151875
2020-08-09,0.01978000000000001,0.61769,2.1207845740740736,12.61907478769841,6.887166302248676,0.61769
2020-08-10,0.27743333333333337,0.7236302083333334,2.162958055555556,12.635371988095239,6.790758535714286,0.7236302083333334
2020-08-11,-0.08731818181818182,0.8873033712121213,2.1749463198653194,12.644972439754692,6.694551952260701,0.8873033712121213
2020-08-12,0.13627142857142857,0.7653418912337663,2.14896847017797,12.647189862914866,6.588826256253006,0.7653418912337663
2020-08-13,0.5488625,0.7661060362554113,2.1764319181096683,12.654797132305196,6.478103903499276,0.7661060362554113
2020-08-14,0.0027500000000000024,0.6841566396103895,2.23322856048581,12.664483513798706,6.3740825924122175,0.6841566396103895
2020-08-15,0.03840000000000001,0.637066333874459,2.2726154806397303,12.669866403228715,6.266141162277537,0.637066333874459
2020-08-16,0.48643749999999997,0.8196371888528139,2.329664484126984,12.683446640873015,6.135317071428572,0.8196371888528139
2020-08-17,0.23292,0.7909517938311689,2.417872737614238,12.710814333874461,5.980907129389132,0.7909517938311689
2020-08-18,0.3317777777777778,0.9131941765873016,2.4903582503607513,12.748686998436751,5.847155382455505,0.9131941765873016
2020-08-19,0.29845,1.069019513888889,2.553886466810967,12.781621075036078,5.748164029040407,1.069019513888889
2020-08-20,0.1971,1.0649689583333333,2.642737294372294,12.795466693302064,5.664240231180855,1.0649689583333333
2020-08-21,0.14796,1.118664027777778,2.737272205266956,12.799066103234727,5.59373318332131,1.118664027777778
2020-08-22,-0.1142,0.9786077083333334,2.81773269949495,12.798088075667385,5.537236052128427,0.9786077083333334
2020-08-23,0.2585363636363636,0.7635604797979798,2.8498539613997114,12.791669080297012,5.501991971440597,0.7635604797979798
2020-08-24,0.21023333333333333,0.6241309595959595,2.852929250240501,12.783806582401398,5.478219015331891,0.6241309595959595
2020-08-25,0.02003333333333333,0.4739597727272727,2.848299020562771,12.776123528950222,5.459223466630592,0.4739597727272727
2020-08-26,0.24722857142857144,0.5256401731601732,2.86584151094276,12.766731606451417,5.426261251262627,0.5256401731601732
2020-08-27,0.05371666666666666,0.5360940584415586,2.92130395947571,12.751378074164265,5.379150980339106,0.5360940584415586
2020-08-28,0.251,0.5534562770562771,2.9364171183261187,12.738388542207792,5.345740808621934,0.5534562770562771
2020-08-29,-0.07345,0.5794293290043291,2.919635138287639,12.730532735449739,5.313767124999998,0.5794293290043291
2020-08-30,-0.07178749999999999,0.43529122023809524,2.9114442693602705,12.71487326698533,5.269548566378065,0.43529122023809524
2020-08-31,0.3634,0.419778869047619,2.8952734004329006,12.699141624909812,5.223629577200577,0.419778869047619
2020-09-01,0.2491,0.39359985119047614,2.8666620315055313,12.687580982834298,5.183552254689754,0.39359985119047614
2020-09-02,0.2939833333333333,0.48264999999999997,2.8318985885040897,12.671269619528621,5.150949257575757,0.48264999999999997
2020-09-03,-0.08929999999999999,0.6470760416666665,2.7720007380952385,12.640129590548346,5.130372030303031,0.6470760416666665
2020-09-04,0.16845555555555555,0.6853451388888889,2.6854477395382395,12.597925788419921,5.1242433539562295,0.6853451388888889
2020-09-05,-0.0015833333333333324,0.6614184027777776,2.5882152317219815,12.555271852032226,5.122822089646466,0.6614184027777776
2020-09-06,0.1647,0.5133125,2.4990913627946125,12.509711943422323,5.128366130892258,0.5133125
2020-09-07,0.074,0.4104097222222222,2.4293400696248195,12.467414257034635,5.117951949915825,0.4104097222222222
2020-09-08,0.19652,0.36325916666666663,2.3615057966570467,12.423763431758058,5.094074435606061,0.36325916666666663
2020-09-09,0.280575,0.4493190277777778,2.3041306903559406,12.373642787037037,5.081843393518519,0.4493190277777778
2020-09-10,0.17476666666666665,0.5702163888888889,2.250453351010101,12.324433961760468,5.0785413463804705,0.5702163888888889
2020-09-11,0.17476666666666665,0.6754804166666668,2.189995881794131,12.269964233706112,5.09078613546176,0.6754804166666668
2020-09-12,0.209,0.7768483333333335,2.1448539879749875,12.210588915373974,5.097060071368446,0.7768483333333335
2020-09-13,0.27080000000000004,0.8052329166666666,2.1222558441558443,12.154289742875179,5.097377340608467,0.8052329166666666
2020-09-14,0.2808,0.8576091666666668,2.1290985336700334,12.09793176085257,5.112301276515151,0.8576091666666668
2020-09-15,-0.11327777777777778,0.8127826388888889,2.1395790472582976,12.02811408306277,5.129895166125542,0.8127826388888889
2020-09-16,0.31268,0.7907561111111111,2.139851551587302,11.946316998196249,5.145524176106298,0.7907561111111111
2020-09-17,-0.06903999999999999,0.6862133333333333,2.130863092953343,11.880623392496387,5.142509260161134,0.6862133333333333
2020-09-18,-0.269825,0.4175059722222222,2.117941171356421,11.824885606240986,5.1079145571789315,0.4175059722222222
2020-09-19,0.10497500000000001,0.2753729166666667,2.1107655460557964,11.760846847763348,5.062199159752283,0.2753729166666667
2020-09-20,0.1806,0.07429986111111114,2.1134862726070223,11.694687922619051,5.01359447065897,0.07429986111111114
2020-09-21,0.022266666666666674,-0.018986527777777745,2.113220110269361,11.631476344696964,4.964567767676768,-0.018986527777777745
2020-09-22,-0.4939,-0.030635416666666596,2.0861307156084656,11.573220961219327,4.897332408128907,-0.030635416666666596
2020-09-23,0.10920000000000002,-0.09579124999999997,2.0438089775132275,11.513405531445402,4.809874910533912,-0.09579124999999997
2020-09-24,0.194325,-0.1244958333333333,1.9874739616402117,11.456228124819622,4.7220171814574305,-0.1244958333333333
2020-09-25,-0.4164333333333333,-0.28570208333333336,1.9022879537037032,11.387449648749412,4.634518083333331,-0.28570208333333336
2020-09-26,-0.074,-0.2859145833333333,1.7874834537037037,11.300306728234734,4.544389588383838,-0.2859145833333333
2020-09-27,0.1976,-0.2650833333333333,1.6613717314814818,11.221488432720058,4.443748412878787,-0.2650833333333333
2020-09-28,0.11333333333333334,-0.26793124999999995,1.5195561203703705,11.150752984427607,4.341851473484848,-0.26793124999999995
2020-09-29,-0.21989999999999998,-0.11197083333333327,1.3325737037037038,11.069797883357383,4.251107520202019,-0.11197083333333327
2020-09-30,0.58888,0.10473458333333334,1.1564428888888891,10.981651407287156,4.165437191919191,0.10473458333333334
2020-10-01,-0.04738,0.238095,1.0054852592592594,10.891280042328045,4.075925196969697,0.238095
2020-10-02,0.055950000000000014,0.37735749999999996,0.8566734074074073,10.796358288480041,3.97514909090909,0.37735749999999996
2020-10-03,0.25595,0.5864491666666666,0.747672,10.70317274296537,3.8777775404040393,0.5864491666666666
2020-10-04,0.4374,0.5919508333333333,0.6754107777777779,10.617763405784029,3.791194804713804,0.5919508333333333
2020-10-05,0.0,0.6705425,0.6042536296296297,10.538314276936024,3.709720703282828,0.6705425
2020-10-06,0.39097499999999996,0.84723625,0.5380417592592593,10.464028481421353,3.6317866712962954,0.84723625
2020-10-07,0.12412499999999999,0.87201125,0.5283987777777778,10.382928935906689,3.5650001393097637,0.87201125
2020-10-08,0.05416,0.83884625,0.5593626296296297,10.289779182058686,3.5042431906565663,0.83884625
2020-10-09,0.12495714285714286,0.8250755357142856,0.5919652195767195,10.19498361967893,3.4355219166065405,0.8250755357142856
2020-10-10,0.36845,0.7219173214285713,0.670999992063492,10.107324635131073,3.3630146252404978,0.7219173214285713
2020-10-11,0.37674285714285716,0.7148698214285714,0.8192211931216934,10.031245259169074,3.292091991161616,0.7148698214285714
2020-10-12,0.0,0.7900923214285716,0.9845527116402117,9.949149563762628,3.226075081289081,0.7900923214285716
2020-10-13,0.34306,0.88860125,1.156584007936508,9.863906660022845,3.1589760464165466,0.88860125
2020-10-14,0.0286125,0.9077820535714286,1.3664954986772486,9.785557217592592,3.0803707198773456,0.9077820535714286
2020-10-15,0.50396,0.8956126785714285,1.5751448134920636,9.704456111471863,3.0138048192640694,0.8956126785714285
2020-10-16,0.1568,0.9361833035714285,1.7763662023809523,9.617774808922558,2.963594136243387,0.9361833035714285
2020-10-17,0.1605,0.8765882142857142,1.995714257936508,9.526067992815058,2.9199620828523325,0.8765882142857142
2020-10-18,0.44342857142857145,1.0056565178571428,2.2031044325396825,9.436093972673158,2.908194801948052,1.0056565178571428
2020-10-19,0.2553,1.0407555357142857,2.3820672261904754,9.355232857293165,2.921827163900914,1.0407555357142857
2020-10-20,0.07665,1.0166170535714285,2.5524541865079358,9.279072991913186,2.9372238591871085,1.0166170535714285
2020-10-21,0.2864,1.0695935714285714,2.715640035714286,9.209421709866527,2.9524718322510832,1.0695935714285714
2020-10-22,0.1042,0.9340589285714287,2.841784773809524,9.14450665509259,2.992356522486773,0.9340589285714287
2020-10-23,0.30623333333333336,0.8734226190476191,2.956901623015873,9.078843383146951,3.0597179298941795,0.8734226190476191
2020-10-24,0.40974999999999995,0.9160988095238095,3.09406094047619,9.017995250090184,3.132732670634922,0.9160988095238095
2020-10-25,0.18031250000000001,0.9007781249999999,3.2105915873015864,8.961368590247716,3.227439762566138,0.9007781249999999
2020-10-26,0.63234,1.1022995833333333,3.2881833492063497,8.912492375841753,3.3570545945767187,1.1022995833333333
2020-10-27,0.08817142857142858,1.2365722321428572,3.368795968253969,8.86643709794372,3.4996365615079363,1.2365722321428572
2020-10-28,0.11982500000000001,1.2150886309523807,3.4438355793650803,8.81787496488697,3.6382798578042332,1.2150886309523807
2020-10-29,0.09195,1.1980362797619049,3.497603968253968,8.776673970719095,3.7815843346560856,1.1980362797619049
2020-10-30,0.30233333333333334,0.9664472619047619,3.5413096349206348,8.739262518217892,3.924021075396826,0.9664472619047619
2020-10-31,0.14318333333333333,0.8031266964285716,3.5738651904761904,8.700722037938913,4.066041427248678,0.8031266964285716
2020-11-01,0.1041125,0.7083592559523809,3.5937962738095233,8.661098268969463,4.220949098544975,0.7083592559523809
2020-11-02,0.26132,0.6780249404761906,3.5960432023809528,8.630444572420636,4.374962033730159,0.6780249404761906
2020-11-03,0.26565714285714287,0.7210232440476191,3.5923857976190487,8.61129923863636,4.515965513888889,0.7210232440476191
2020-11-04,0.09845833333333333,0.7390873214285715,3.593315575396826,8.596751142616641,4.651238789021163,0.7390873214285715
2020-11-05,0.09845833333333333,0.7596659821428571,3.5896384087301585,8.585709796596921,4.779480119708995,0.7596659821428571
2020-11-06,0.25980000000000003,0.7375221428571428,3.589033186507937,8.574226492243866,4.900500755952381,0.7375221428571428
2020-11-07,0.260575,0.7232768154761906,3.5843544087301584,8.565660479557481,5.028760142195766,0.7232768154761906
2020-11-08,0.24814999999999998,0.7576356547619048,3.55487148015873,8.560183258537764,5.167479290343915,0.7576356547619048
2020-11-09,0.10728181818181819,0.7956139069264069,3.5143456836219347,8.553917511002886,5.303264425144301,0.7956139069264069
2020-11-10,0.0,0.7690221590909091,3.4480588762626256,8.548396750841745,5.421823383898508,0.7690221590909091
2020-11-11,0.027124999999999996,0.6853384469696968,3.3472002355699857,8.541941337902841,5.534672441859068,0.6853384469696968
2020-11-12,0.03153333333333332,0.5100776515151515,3.2458657774170265,8.530194952741704,5.645060472041847,0.5100776515151515
2020-11-13,0.22195,0.3612780303030303,3.1512515137085133,8.514760095358342,5.756477474446849,0.3612780303030303
2020-11-14,0.0,0.2774284090909091,3.0555024444444436,8.507069034271288,5.856633263888889,0.2774284090909091
2020-11-15,0.5693250000000001,0.3874912878787879,2.9710550974025978,8.510144144480519,5.947575840367966,0.3874912878787879
2020-11-16,0.11841428571428571,0.5734285714285714,2.9036226709956705,8.512949082070707,6.043464738275614,0.5734285714285714
2020-11-17,-0.20642857142857143,0.6236041666666667,2.82902522077922,8.518206095057721,6.112108029040406,0.6236041666666667
2020-11-18,0.19528,0.7225997619047619,2.7422152943722944,8.530190272727275,6.154527057900434,0.7225997619047619
2020-11-19,0.23893333333333333,0.6034474404761906,2.6566697806637807,8.542959874007941,6.197877558982684,0.6034474404761906
2020-11-20,0.16610000000000003,0.4744963095238096,2.583599266955267,8.554384746121935,6.239258060064933,0.4744963095238096
2020-11-21,0.23334,0.5625819642857144,2.512979531024531,8.574230396013705,6.266415338924963,0.5625819642857144
2020-11-22,0.2068375,0.604736994047619,2.436021822871573,8.60506345099808,6.280816131673881,0.604736994047619
2020-11-23,0.130775,0.7024503571428571,2.3602689758297264,8.634759480519484,6.28203643831169,0.7024503571428571
2020-11-24,0.80665,0.9483797916666667,2.3117369242424246,8.682453773929774,6.275509939393941,0.9483797916666667
2020-11-25,0.290225,1.0985883333333335,2.319703668109669,8.755250581228957,6.252002384920637,1.0985883333333335
2020-11-26,0.26752,1.261078125,2.368470626262626,8.829427534361479,6.215833532828281,1.261078125
2020-11-27,0.3901142857142857,1.5154423214285717,2.4421813860028863,8.90364272459716,6.18887426010101,1.5154423214285717
2020-11-28,0.35057499999999997,1.4956502678571428,2.530742066378066,8.989850360269362,6.165424531024533,1.4956502678571428
2020-11-29,0.3297,1.4715057142857142,2.6403246911976908,9.079899475108228,6.1463196075036075,1.4715057142857142
2020-11-30,-0.2024,1.3147105357142854,2.7310462049062054,9.165759423280425,6.123510795093793,1.3147105357142854
2020-12-01,0.15829000000000001,1.0351244642857143,2.7826912940115442,9.254456871452621,6.091866454906206,1.0351244642857143
2020-12-02,0.4045125,0.8830415178571429,2.871145168831169,9.345160507124826,6.062619406385281,0.8830415178571429
2020-12-03,0.10115,0.6639523214285714,2.9947636031746034,9.429457913630353,6.035789994769119,0.6639523214285714
2020-12-04,0.19649999999999998,0.6620681249999999,3.111493331168831,9.510636257635879,6.00907423394661,0.6620681249999999
2020-12-05,0.33338,0.7619125,3.2254473924963927,9.590944539141416,5.991142167568543,0.7619125
2020-12-06,0.6401,0.907169375,3.357163398268398,9.67603973731361,5.986077823412698,0.907169375
2020-12-07,0.25451666666666667,1.1479054166666667,3.5067006262626257,9.771656407708036,5.981549340367965,1.1479054166666667
2020-12-08,0.477325,1.3591227083333335,3.675082576479076,9.872863250721501,5.97524600414863,1.3591227083333335
2020-12-09,0.35912,1.5330024999999998,3.820698753968254,9.974401309283314,5.979259143037519,1.5330024999999998
2020-12-10,-0.04937,1.4756179166666668,3.9070909920634915,10.066508680615684,5.9972786022727265,1.4756179166666668
2020-12-11,0.047490000000000004,1.3281349999999998,3.957141730158731,10.1580307870671,6.020641609126985,1.3281349999999998
2020-12-12,0.15258888888888889,1.0292618055555556,3.971974756613756,10.250099321759263,6.051101653018277,1.0292618055555556
2020-12-13,-0.32688,0.5524536111111111,3.9400682380952388,10.334863805525497,6.076401942279942,0.5524536111111111
2020-12-14,0.17682727272727272,0.30456223484848477,3.8652066286676288,10.413875287397783,6.100679227753728,0.30456223484848477
2020-12-15,-0.10021666666666666,0.07150085858585857,3.8033895394420405,10.488507170153918,6.118268523328523,0.07150085858585857
2020-12-16,0.4250777777777778,-0.012254267676767683,3.778266463443963,10.565263710317465,6.12363586123136,-0.012254267676767683
2020-12-17,0.48392,0.2781906060606061,3.742989337181338,10.644781653920152,6.157152447811445,0.2781906060606061
2020-12-18,0.24912857142857142,0.5301614862914863,3.6980647109187115,10.722892442760944,6.214903605820105,0.5301614862914863
2020-12-19,0.1806,0.8892631998556999,3.662094814814815,10.8019273030303,6.2708756289081276,0.8892631998556999
2020-12-20,0.199675,1.1238919967532468,3.61697652982203,10.878361621632997,6.325735290885042,1.1238919967532468
2020-12-21,-0.6597,0.8699157936507937,3.5049400781625777,10.94565520159932,6.366123202861953,0.8699157936507937
2020-12-22,0.1575,0.5749571230158731,3.331195098725349,11.005829640151514,6.390309087061086,0.5749571230158731
2020-12-23,0.04945000000000001,0.17700678571428569,3.126812758177008,11.057714495370375,6.418623443482443,0.17700678571428569
2020-12-24,0.0,-0.21451160714285714,2.899563250962001,11.102404241462244,6.426348841570465,-0.21451160714285714
2020-12-25,0.0,-0.15519999999999995,2.6882262437469944,11.136057656204908,6.411055947991823,-0.15519999999999995
2020-12-26,0.1376,-0.07795624999999995,2.5001927365319863,11.161388519360269,6.391473411556037,-0.07795624999999995
2020-12-27,0.08737777777777778,0.041556944444444466,2.3282410388407886,11.186607173520924,6.3571859690355925,0.041556944444444466
2020-12-28,0.15913333333333332,0.25077222222222223,2.2008154284511785,11.209140191107506,6.305846985509863,0.25077222222222223
2020-12-29,0.03194285714285715,0.30304821428571427,2.112438372895622,11.229124225559161,6.241588160714286,0.30304821428571427
2020-12-30,0.3480166666666667,0.41290337301587304,2.0358625943963444,11.249953478264791,6.186843939093316,0.41290337301587304
2020-12-31,0.50265,0.6170946428571429,1.9645146307118806,11.278275717081527,6.1518694258056765,0.6170946428571429
2021-01-01,0.32293333333333335,0.8224525793650794,1.8788463429533429,11.30909296978716,6.117985093073592,0.8224525793650794
2021-01-02,0.21326666666666666,1.0651557539682541,1.7790369004328999,11.336255233074798,6.084964962722462,1.0651557539682541
2021-01-03,0.211975,1.2212443452380952,1.6746752753727754,11.3622831875,6.055179118085619,1.2212443452380952
2021-01-04,0.11002500000000001,1.175358630952381,1.5733579836459837,11.38907183636965,6.016379217893218,1.175358630952381
2021-01-05,0.10469166666666667,1.0339625000000001,1.5423155808080808,11.413667985239293,5.95467956770082,1.0339625000000001
2021-01-06,0.44308749999999997,0.9046906249999999,1.5928330390812888,11.436410377164504,5.880961931397306,0.9046906249999999
2021-01-07,0.8404666666666667,0.9665520833333334,1.6967336917989417,11.465346095478596,5.812720892316022,0.9665520833333334
2021-01-08,0.2173375,1.1533979166666668,1.8604793167388167,11.500967498767432,5.740152286315538,1.1533979166666668
2021-01-09,0.12068888888888889,1.3988034722222222,2.0458174879749884,11.5405305361051,5.664680483766234,1.3988034722222222
2021-01-10,0.1897625,1.5234225694444443,2.2322680388407887,11.585426640572393,5.594897621031746,1.5234225694444443
2021-01-11,0.48039,1.400899583333333,2.432727784151034,11.638928043650797,5.530592309223183,1.400899583333333
2021-01-12,0.27212857142857144,1.265246240079365,2.6360277040644546,11.699072379268875,5.4888633995310245,1.265246240079365
2021-01-13,0.3534,1.1837713690476188,2.842438406084656,11.762126304834053,5.466260890271765,1.1837713690476188
2021-01-14,0.3009545454545455,1.1934257593795095,3.0478839782347285,11.822806120129867,5.4614993532347285,1.1934257593795095
2021-01-15,-0.03670000000000001,1.1638268163780665,3.2162556278258774,11.876256068542569,5.461775676346802,1.1638268163780665
2021-01-16,0.37181666666666663,1.1454521293290043,3.3710588700096196,11.931141685606061,5.43587044654882,1.1454521293290043
2021-01-17,0.4233,1.0863746645021646,3.5410542867965367,11.991465334415588,5.398596399290524,1.0863746645021646
2021-01-18,0.24183749999999998,0.9847199269480519,3.7191957948532948,12.052474698502882,5.3653205802068324,0.9847199269480519
2021-01-19,0.020385714285714285,1.0266091179653678,3.897287243386244,12.110609256042569,5.33048987025012,1.0266091179653678
2021-01-20,0.14968333333333333,0.9880429518398267,4.0513990490620495,12.159573444534628,5.3204851444203936,0.9880429518398267
2021-01-21,0.40437142857142855,0.9272696428571428,4.170720735690235,12.20261263104257,5.343790956289084,0.9272696428571428
2021-01-22,0.17485000000000003,0.8645287202380953,4.2306778588263585,12.247381162788601,5.375479000300627,0.8645287202380953
2021-01-23,0.307975,0.8594136904761903,4.237857204184705,12.27869858342352,5.4291895443121705,0.8594136904761903
2021-01-24,0.584075,1.0184299107142858,4.252236456950458,12.295081559614,5.516048838323715,1.0184299107142858
2021-01-25,0.0,1.0810854166666668,4.269974783790285,12.308066077471151,5.617351799001923,1.0810854166666668
2021-01-26,-0.142975,1.0810315476190477,4.245769703222704,12.311489676677498,5.719733155182782,1.0810315476190477
2021-01-27,0.72632,1.1136666071428571,4.199058588263589,12.30654160723305,5.83596471242184,1.1136666071428571
2021-01-28,0.28462857142857145,0.962842142857143,4.15071306060606,12.301755025883839,5.974014122835498,0.962842142857143
2021-01-29,0.07755,0.9324980357142858,4.083481833092832,12.30237743262987,6.107556191979317,0.9324980357142858
2021-01-30,0.4298636363636364,1.1248198376623377,4.04390297931698,12.308034869678933,6.2204644328403065,1.1248198376623377
2021-01-31,0.25202,1.0939803896103897,4.032231913419914,12.312593795364357,6.326597998196248,1.0939803896103897
2021-02-01,0.07424285714285714,1.0854061201298701,3.996301831649832,12.317221786525975,6.428723652837903,1.0854061201298701
2021-02-02,0.21174,1.0909918506493506,3.939736734006733,12.322917134830442,6.52640179954305,1.0909918506493506
2021-02-03,0.2851166666666667,0.9171811796536798,3.8929853109668104,12.327179747023814,6.630458890692641,0.9171811796536798
2021-02-04,0.0,0.7989405086580087,3.8515570625300626,12.321886164772726,6.748335370731119,0.7989405086580087
2021-02-05,0.0,0.7147355519480519,3.7914511355218856,12.303168013077196,6.862862822991825,0.7147355519480519
2021-02-06,0.0,0.5440480952380953,3.735515585497835,12.273745143127698,6.946802497474749,0.5440480952380953
2021-02-07,-0.05135,0.3254307142857143,3.6809401743626746,12.23406533270202,7.00856694973545,0.3254307142857143
2021-02-08,0.04976363636363637,0.18225924242424243,3.5781094307359305,12.195419743055558,7.064199916305917,0.18225924242424243
2021-02-09,-0.0675076923076923,0.040771561771561785,3.4460972648740156,12.159797143419077,7.109157435647683,0.040771561771561785
2021-02-10,-0.12240000000000001,-0.07838111888111887,3.3396249259351753,12.122116164865226,7.131946058265808,-0.07838111888111887
2021-02-11,-0.27905,-0.17034213286713284,3.205965206043956,12.087091892329891,7.120055043317793,-0.17034213286713284
2021-02-12,-0.13019333333333333,-0.3197332983682984,3.012118422660673,12.055596241637993,7.077991474978725,-0.3197332983682984
